	0
L3_Lung_10X_AACTCCCAGCCAGAAC	Aerocyte
L3_Lung_10X_AACTCTTCAAGTCTAC	Aerocyte
L3_Lung_10X_AAGGTTCCAAGGACTG	Aerocyte
L3_Lung_10X_CAAGAAACACTAAGTC	Aerocyte
L3_Lung_10X_CAGCTAAAGGGTCTCC	Aerocyte
L3_Lung_10X_CAGTAACTCACTCCTG	Aerocyte
L3_Lung_10X_CCTTCGAAGAATGTGT	Aerocyte
L3_Lung_10X_CGTCAGGGTGTCTGAT	Aerocyte
L3_Lung_10X_CTAACTTCATGTTCCC	Aerocyte
L3_Lung_10X_CTTTGCGCAGATAATG	Aerocyte
L3_Lung_10X_GCAAACTTCGGCCGAT	Aerocyte
L3_Lung_10X_GCACATAAGGCTAGCA	Aerocyte
L3_Lung_10X_GCATACAGTTTGTTTC	Aerocyte
L3_Lung_10X_GTAGTCAAGTGGAGAA	Aerocyte
L3_Lung_10X_GTTCTCGTCAGGCAAG	Aerocyte
L3_Lung_10X_TACTTGTAGATGGGTC	Aerocyte
L3_Lung_10X_TGTGTTTAGGTCATCT	Aerocyte
L3_Lung_10X_TTATGCTTCAAAGTAG	Aerocyte
L3_Lung_10X_TTCCCAGAGCCAACAG	Aerocyte
L2_Lung_10X_AGATTGCCATCTATGG	Aerocyte
L2_Lung_10X_CCTTTCTTCTGGTGTA	Aerocyte
L2_Lung_10X_TGGTTCCTCAAAGTAG	Aerocyte
L1_Lung_10X_AACTCAGAGGAGTCTG	Aerocyte
L1_Lung_10X_AACTGGTTCGACGGAA	Aerocyte
L1_Lung_10X_AGCATACTCGAATGCT	Aerocyte
L1_Lung_10X_ATAACGCGTCGCTTCT	Aerocyte
L1_Lung_10X_ATCACGAGTGGAAAGA	Aerocyte
L1_Lung_10X_ATGGGAGTCACCACCT	Aerocyte
L1_Lung_10X_CACAGTACAACACGCC	Aerocyte
L1_Lung_10X_CGATTGAAGGACAGCT	Aerocyte
L1_Lung_10X_CTCGTACAGTACGATA	Aerocyte
L1_Lung_10X_GAGGTGAAGGAGTACC	Aerocyte
L1_Lung_10X_GCTGCAGAGGCCCGTT	Aerocyte
L1_Lung_10X_GGGAATGAGCGATGAC	Aerocyte
L1_Lung_10X_TAAGTGCAGATAGCAT	Aerocyte
L1_Lung_10X_TCAACGACAAGTAGTA	Aerocyte
L1_Lung_10X_TTAGTTCTCTGATACG	Aerocyte
L1_Lung_10X_TTTGCGCGTCCGACGT	Aerocyte
L4_Lung_P2_10X_AAACCTGCAAGGCTCC	Aerocyte
L4_Lung_P2_10X_AACCGCGAGCTAGGCA	Aerocyte
L4_Lung_P2_10X_ACAGCCGCACCCATGG	Aerocyte
L4_Lung_P2_10X_ACATACGAGCAGGTCA	Aerocyte
L4_Lung_P2_10X_ACATGGTGTAAGGGCT	Aerocyte
L4_Lung_P2_10X_ACCGTAAAGTAACCCT	Aerocyte
L4_Lung_P2_10X_ACGATGTTCTGTACGA	Aerocyte
L4_Lung_P2_10X_ACTGAACTCGGGAGTA	Aerocyte
L4_Lung_P2_10X_AGGTCATTCCATTCTA	Aerocyte
L4_Lung_P2_10X_ATCCGAATCACGCATA	Aerocyte
L4_Lung_P2_10X_CAAGATCGTATTAGCC	Aerocyte
L4_Lung_P2_10X_CACACCTAGCGTTGCC	Aerocyte
L4_Lung_P2_10X_CACCACTTCTCTAAGG	Aerocyte
L4_Lung_P2_10X_CAGAATCTCACCAGGC	Aerocyte
L4_Lung_P2_10X_CATCAAGCATACGCTA	Aerocyte
L4_Lung_P2_10X_CATCAAGGTAAGTGTA	Aerocyte
L4_Lung_P2_10X_CATGACACAAGCGAGT	Aerocyte
L4_Lung_P2_10X_CATGCCTAGCAAATCA	Aerocyte
L4_Lung_P2_10X_CATTCGCCATATGCTG	Aerocyte
L4_Lung_P2_10X_CCACCTAAGTCGCCGT	Aerocyte
L4_Lung_P2_10X_CCCATACAGGCATGGT	Aerocyte
L4_Lung_P2_10X_CCTCTGATCACTGGGC	Aerocyte
L4_Lung_P2_10X_CCTTACGAGTATCTCG	Aerocyte
L4_Lung_P2_10X_CCTTTCTAGCGTGAGT	Aerocyte
L4_Lung_P2_10X_CGAACATTCGGAATCT	Aerocyte
L4_Lung_P2_10X_CGAGCACGTAGGCTGA	Aerocyte
L4_Lung_P2_10X_CGATGGCTCGCCTGTT	Aerocyte
L4_Lung_P2_10X_CTAGCCTCAAGCCTAT	Aerocyte
L4_Lung_P2_10X_CTGAAACCAGCCTTGG	Aerocyte
L4_Lung_P2_10X_GACAGAGAGTGAAGTT	Aerocyte
L4_Lung_P2_10X_GACGTTAGTTCCACGG	Aerocyte
L4_Lung_P2_10X_GATCGATTCACTCCTG	Aerocyte
L4_Lung_P2_10X_GATCGCGCATCGACGC	Aerocyte
L4_Lung_P2_10X_GCAATCAAGGCCCTTG	Aerocyte
L4_Lung_P2_10X_GCCTCTAGTCGAATCT	Aerocyte
L4_Lung_P2_10X_GCGCCAAGTGTGACCC	Aerocyte
L4_Lung_P2_10X_GGATGTTCACAGGTTT	Aerocyte
L4_Lung_P2_10X_GGCAATTGTTCGTGAT	Aerocyte
L4_Lung_P2_10X_GGCTCGAAGTTCGCGC	Aerocyte
L4_Lung_P2_10X_GTACTTTGTACCAGTT	Aerocyte
L4_Lung_P2_10X_GTCACAATCATCGGAT	Aerocyte
L4_Lung_P2_10X_TACACGACACGGACAA	Aerocyte
L4_Lung_P2_10X_TACCTATTCCACTGGG	Aerocyte
L4_Lung_P2_10X_TATGCCCAGTTAGGTA	Aerocyte
L4_Lung_P2_10X_TATTACCTCGCCTGTT	Aerocyte
L4_Lung_P2_10X_TCAGATGGTAGCAAAT	Aerocyte
L4_Lung_P2_10X_TGCTACCCAGCTGTTA	Aerocyte
L4_Lung_P2_10X_TGGCCAGTCCGCATAA	Aerocyte
L4_Lung_P2_10X_TGTTCCGGTCAGCTAT	Aerocyte
L4_Lung_P2_10X_TTGCGTCAGTTAAGTG	Aerocyte
L4_Lung_P2_10X_TTGGAACGTTTACTCT	Aerocyte
L4_Lung_P2_10X_TTTGGTTAGTTAGGTA	Aerocyte
L4_Lung_P2_10X_TTTGGTTGTGGCGAAT	Aerocyte
L4_Lung_P3_10X_AAACCTGGTCAAGCGA	Aerocyte
L4_Lung_P3_10X_AAAGCAAAGTATCGAA	Aerocyte
L4_Lung_P3_10X_AAAGCAACATCGGACC	Aerocyte
L4_Lung_P3_10X_AAAGTAGTCGCAAACT	Aerocyte
L4_Lung_P3_10X_AACACGTAGAGGTTAT	Aerocyte
L4_Lung_P3_10X_AACACGTAGCTAAACA	Aerocyte
L4_Lung_P3_10X_AACACGTCAAAGGTGC	Aerocyte
L4_Lung_P3_10X_AACACGTTCGAATCCA	Aerocyte
L4_Lung_P3_10X_AACGTTGAGCTAGGCA	Aerocyte
L4_Lung_P3_10X_AACGTTGTCAAGGCTT	Aerocyte
L4_Lung_P3_10X_AACTCAGCAAGTAGTA	Aerocyte
L4_Lung_P3_10X_AACTCTTTCAACGCTA	Aerocyte
L4_Lung_P3_10X_AACTCTTTCGATAGAA	Aerocyte
L4_Lung_P3_10X_AACTGGTTCTGGAGCC	Aerocyte
L4_Lung_P3_10X_AACTTTCGTAAATACG	Aerocyte
L4_Lung_P3_10X_AACTTTCGTCTCTCTG	Aerocyte
L4_Lung_P3_10X_AAGACCTTCAGGTAAA	Aerocyte
L4_Lung_P3_10X_AAGCCGCCATTCTTAC	Aerocyte
L4_Lung_P3_10X_AAGCCGCTCCACTGGG	Aerocyte
L4_Lung_P3_10X_AAGCCGCTCTGCTTGC	Aerocyte
L4_Lung_P3_10X_AAGGCAGCACGAGAGT	Aerocyte
L4_Lung_P3_10X_AAGTCTGAGCCAACAG	Aerocyte
L4_Lung_P3_10X_AATCCAGCAGATGGGT	Aerocyte
L4_Lung_P3_10X_ACACCGGCATGCTGGC	Aerocyte
L4_Lung_P3_10X_ACACTGACAGTCCTTC	Aerocyte
L4_Lung_P3_10X_ACACTGAGTGCACGAA	Aerocyte
L4_Lung_P3_10X_ACAGCCGAGACGACGT	Aerocyte
L4_Lung_P3_10X_ACAGCCGGTTGTCTTT	Aerocyte
L4_Lung_P3_10X_ACATACGAGCGTAGTG	Aerocyte
L4_Lung_P3_10X_ACATCAGTCTCGCTTG	Aerocyte
L4_Lung_P3_10X_ACATGGTAGTGGTAAT	Aerocyte
L4_Lung_P3_10X_ACCAGTAAGAATAGGG	Aerocyte
L4_Lung_P3_10X_ACCAGTATCATGTGGT	Aerocyte
L4_Lung_P3_10X_ACCAGTATCCGCGGTA	Aerocyte
L4_Lung_P3_10X_ACCCACTCACCGTTGG	Aerocyte
L4_Lung_P3_10X_ACCGTAACATCGGGTC	Aerocyte
L4_Lung_P3_10X_ACCGTAATCAGGCCCA	Aerocyte
L4_Lung_P3_10X_ACCTTTACACTATCTT	Aerocyte
L4_Lung_P3_10X_ACGAGCCAGTAGTGCG	Aerocyte
L4_Lung_P3_10X_ACGAGCCGTTGTCTTT	Aerocyte
L4_Lung_P3_10X_ACGAGGAAGTCCGTAT	Aerocyte
L4_Lung_P3_10X_ACGATACTCCTGTACC	Aerocyte
L4_Lung_P3_10X_ACGCCAGCATATACGC	Aerocyte
L4_Lung_P3_10X_ACGCCGAGTTCAGACT	Aerocyte
L4_Lung_P3_10X_ACGCCGATCGGTGTTA	Aerocyte
L4_Lung_P3_10X_ACGGAGATCATCATTC	Aerocyte
L4_Lung_P3_10X_ACGGCCAGTGTATGGG	Aerocyte
L4_Lung_P3_10X_ACGTCAACAACTGCGC	Aerocyte
L4_Lung_P3_10X_ACGTCAATCCTAGGGC	Aerocyte
L4_Lung_P3_10X_ACTATCTCAAGCCCAC	Aerocyte
L4_Lung_P3_10X_ACTGAACCACTTCTGC	Aerocyte
L4_Lung_P3_10X_ACTGAACGTCGAGTTT	Aerocyte
L4_Lung_P3_10X_ACTGAGTAGATAGGAG	Aerocyte
L4_Lung_P3_10X_ACTGAGTTCGGATGGA	Aerocyte
L4_Lung_P3_10X_ACTGATGTCCCAAGTA	Aerocyte
L4_Lung_P3_10X_ACTGTCCCACGGCCAT	Aerocyte
L4_Lung_P3_10X_ACTGTCCCACTGTTAG	Aerocyte
L4_Lung_P3_10X_ACTGTCCGTTCCACTC	Aerocyte
L4_Lung_P3_10X_ACTTACTAGCTAGGCA	Aerocyte
L4_Lung_P3_10X_ACTTTCATCAGTCCCT	Aerocyte
L4_Lung_P3_10X_ACTTTCATCAGTTGAC	Aerocyte
L4_Lung_P3_10X_ACTTTCATCCACGACG	Aerocyte
L4_Lung_P3_10X_AGAGCTTCACCAGCAC	Aerocyte
L4_Lung_P3_10X_AGAGTGGAGTACATGA	Aerocyte
L4_Lung_P3_10X_AGAGTGGCAGCATGAG	Aerocyte
L4_Lung_P3_10X_AGAGTGGGTTATCCGA	Aerocyte
L4_Lung_P3_10X_AGATCTGAGATCGATA	Aerocyte
L4_Lung_P3_10X_AGATCTGCACGACTCG	Aerocyte
L4_Lung_P3_10X_AGATCTGCATCACAAC	Aerocyte
L4_Lung_P3_10X_AGATTGCAGACTAAGT	Aerocyte
L4_Lung_P3_10X_AGCAGCCAGGCATTGG	Aerocyte
L4_Lung_P3_10X_AGCATACAGATCCCAT	Aerocyte
L4_Lung_P3_10X_AGCATACTCCACGACG	Aerocyte
L4_Lung_P3_10X_AGCCTAAAGATGTCGG	Aerocyte
L4_Lung_P3_10X_AGCCTAAAGTAACCCT	Aerocyte
L4_Lung_P3_10X_AGCCTAACAATACGCT	Aerocyte
L4_Lung_P3_10X_AGCCTAACATGCCTAA	Aerocyte
L4_Lung_P3_10X_AGCGGTCGTTCCACTC	Aerocyte
L4_Lung_P3_10X_AGCGTCGCACTTAACG	Aerocyte
L4_Lung_P3_10X_AGCTCCTCATCAGTCA	Aerocyte
L4_Lung_P3_10X_AGCTCTCGTTGTGGAG	Aerocyte
L4_Lung_P3_10X_AGCTCTCTCTGCGACG	Aerocyte
L4_Lung_P3_10X_AGCTTGAGTAAGCACG	Aerocyte
L4_Lung_P3_10X_AGCTTGATCTGATACG	Aerocyte
L4_Lung_P3_10X_AGGCCGTTCCTAGGGC	Aerocyte
L4_Lung_P3_10X_AGGTCCGAGAGACTTA	Aerocyte
L4_Lung_P3_10X_AGGTCCGTCTGCGACG	Aerocyte
L4_Lung_P3_10X_AGTAGTCCAGGGATTG	Aerocyte
L4_Lung_P3_10X_AGTCTTTAGATGTTAG	Aerocyte
L4_Lung_P3_10X_AGTCTTTCACAACGTT	Aerocyte
L4_Lung_P3_10X_AGTGTCAGTAGGCTGA	Aerocyte
L4_Lung_P3_10X_AGTTGGTAGGGCTTCC	Aerocyte
L4_Lung_P3_10X_ATAAGAGAGGCGTACA	Aerocyte
L4_Lung_P3_10X_ATAGACCAGTTTAGGA	Aerocyte
L4_Lung_P3_10X_ATAGACCTCGTCCAGG	Aerocyte
L4_Lung_P3_10X_ATCACGACACTCAGGC	Aerocyte
L4_Lung_P3_10X_ATCATCTCACCATCCT	Aerocyte
L4_Lung_P3_10X_ATCATCTGTGTAACGG	Aerocyte
L4_Lung_P3_10X_ATCATCTTCTGTCTAT	Aerocyte
L4_Lung_P3_10X_ATCCACCGTCAGATAA	Aerocyte
L4_Lung_P3_10X_ATCCGAACAGTCACTA	Aerocyte
L4_Lung_P3_10X_ATCCGAAGTAGCTCCG	Aerocyte
L4_Lung_P3_10X_ATCGAGTGTTCGTGAT	Aerocyte
L4_Lung_P3_10X_ATCGAGTTCAACCATG	Aerocyte
L4_Lung_P3_10X_ATCTACTCACATAACC	Aerocyte
L4_Lung_P3_10X_ATCTACTTCTTACCGC	Aerocyte
L4_Lung_P3_10X_ATGAGGGCACGCTTTC	Aerocyte
L4_Lung_P3_10X_ATGCGATAGCTCCCAG	Aerocyte
L4_Lung_P3_10X_ATGCGATTCACTTATC	Aerocyte
L4_Lung_P3_10X_ATGGGAGCATAACCTG	Aerocyte
L4_Lung_P3_10X_ATGGGAGCATCCGGGT	Aerocyte
L4_Lung_P3_10X_ATGTGTGCATATGCTG	Aerocyte
L4_Lung_P3_10X_ATGTGTGTCATAGCAC	Aerocyte
L4_Lung_P3_10X_ATGTGTGTCTTGTCAT	Aerocyte
L4_Lung_P3_10X_ATTATCCAGGGCTTCC	Aerocyte
L4_Lung_P3_10X_ATTTCTGAGCCACGTC	Aerocyte
L4_Lung_P3_10X_ATTTCTGAGTCGTTTG	Aerocyte
L4_Lung_P3_10X_CAACCAACATCACAAC	Aerocyte
L4_Lung_P3_10X_CAACCAAGTCCTGCTT	Aerocyte
L4_Lung_P3_10X_CAACCAAGTGAACCTT	Aerocyte
L4_Lung_P3_10X_CAACCTCAGCGCCTTG	Aerocyte
L4_Lung_P3_10X_CAACCTCTCAACTCTT	Aerocyte
L4_Lung_P3_10X_CAACTAGGTCAATGTC	Aerocyte
L4_Lung_P3_10X_CAACTAGGTGGTAACG	Aerocyte
L4_Lung_P3_10X_CAAGAAAAGGTTACCT	Aerocyte
L4_Lung_P3_10X_CAAGATCTCTTACCTA	Aerocyte
L4_Lung_P3_10X_CACACCTCACAGACAG	Aerocyte
L4_Lung_P3_10X_CACACTCTCGCCGTGA	Aerocyte
L4_Lung_P3_10X_CACAGGCGTTCGGGCT	Aerocyte
L4_Lung_P3_10X_CACAGTACACAAGCCC	Aerocyte
L4_Lung_P3_10X_CACATTTTCCGTAGTA	Aerocyte
L4_Lung_P3_10X_CACCACTAGCCTTGAT	Aerocyte
L4_Lung_P3_10X_CACCACTCACAACGTT	Aerocyte
L4_Lung_P3_10X_CACCACTCACAGAGGT	Aerocyte
L4_Lung_P3_10X_CACCTTGTCTCGATGA	Aerocyte
L4_Lung_P3_10X_CACCTTGTCTCTTATG	Aerocyte
L4_Lung_P3_10X_CACTCCACAAAGTCAA	Aerocyte
L4_Lung_P3_10X_CAGATCAAGGCCCGTT	Aerocyte
L4_Lung_P3_10X_CAGATCAGTGGAAAGA	Aerocyte
L4_Lung_P3_10X_CAGATCATCATGTCTT	Aerocyte
L4_Lung_P3_10X_CAGCAGCGTGTAAGTA	Aerocyte
L4_Lung_P3_10X_CAGCAGCTCGAACGGA	Aerocyte
L4_Lung_P3_10X_CAGCCGAAGAGACGAA	Aerocyte
L4_Lung_P3_10X_CAGCGACCAAGTTCTG	Aerocyte
L4_Lung_P3_10X_CAGCTAACACGGTGTC	Aerocyte
L4_Lung_P3_10X_CAGCTGGCACATGTGT	Aerocyte
L4_Lung_P3_10X_CAGCTGGCATAGTAAG	Aerocyte
L4_Lung_P3_10X_CAGGTGCGTTCGAATC	Aerocyte
L4_Lung_P3_10X_CAGGTGCGTTTGACAC	Aerocyte
L4_Lung_P3_10X_CAGTCCTGTACGCACC	Aerocyte
L4_Lung_P3_10X_CAGTCCTGTTCTGTTT	Aerocyte
L4_Lung_P3_10X_CATATGGAGGTAGCTG	Aerocyte
L4_Lung_P3_10X_CATCAAGAGATACACA	Aerocyte
L4_Lung_P3_10X_CATCAAGAGTGGGCTA	Aerocyte
L4_Lung_P3_10X_CATCAAGGTAGCGCAA	Aerocyte
L4_Lung_P3_10X_CATCAGACAAACCTAC	Aerocyte
L4_Lung_P3_10X_CATCAGATCGATGAGG	Aerocyte
L4_Lung_P3_10X_CATCCACAGACAAGCC	Aerocyte
L4_Lung_P3_10X_CATCGAATCGGAGGTA	Aerocyte
L4_Lung_P3_10X_CATCGGGAGACTAGAT	Aerocyte
L4_Lung_P3_10X_CATCGGGGTAATTGGA	Aerocyte
L4_Lung_P3_10X_CATCGGGTCTAGAGTC	Aerocyte
L4_Lung_P3_10X_CATGCCTAGAGCAATT	Aerocyte
L4_Lung_P3_10X_CATGCCTAGTAGGTGC	Aerocyte
L4_Lung_P3_10X_CATGGCGTCACATGCA	Aerocyte
L4_Lung_P3_10X_CATTATCGTCAGCTAT	Aerocyte
L4_Lung_P3_10X_CCCAATCGTTCGTGAT	Aerocyte
L4_Lung_P3_10X_CCCAATCTCGGGAGTA	Aerocyte
L4_Lung_P3_10X_CCCAGTTCATAAAGGT	Aerocyte
L4_Lung_P3_10X_CCGGGATAGTTAACGA	Aerocyte
L4_Lung_P3_10X_CCGGTAGAGACCCACC	Aerocyte
L4_Lung_P3_10X_CCGGTAGCAACTTGAC	Aerocyte
L4_Lung_P3_10X_CCGGTAGGTACCTACA	Aerocyte
L4_Lung_P3_10X_CCGTACTAGCTAACTC	Aerocyte
L4_Lung_P3_10X_CCGTACTAGCTACCTA	Aerocyte
L4_Lung_P3_10X_CCGTACTCAAGACACG	Aerocyte
L4_Lung_P3_10X_CCGTACTCAGCTGCAC	Aerocyte
L4_Lung_P3_10X_CCGTGGATCTTCATGT	Aerocyte
L4_Lung_P3_10X_CCGTTCACATGCCCGA	Aerocyte
L4_Lung_P3_10X_CCTAAAGGTTCGGCAC	Aerocyte
L4_Lung_P3_10X_CCTAAAGTCTTTCCTC	Aerocyte
L4_Lung_P3_10X_CCTACACGTAAACACA	Aerocyte
L4_Lung_P3_10X_CCTACACGTCAATACC	Aerocyte
L4_Lung_P3_10X_CCTATTACAGCTTCGG	Aerocyte
L4_Lung_P3_10X_CCTCTGACAGTATGCT	Aerocyte
L4_Lung_P3_10X_CCTTACGCAGTGACAG	Aerocyte
L4_Lung_P3_10X_CCTTCCCTCTTCCTTC	Aerocyte
L4_Lung_P3_10X_CCTTCGAGTGACAAAT	Aerocyte
L4_Lung_P3_10X_CGAATGTTCGGTTCGG	Aerocyte
L4_Lung_P3_10X_CGACCTTTCACTGGGC	Aerocyte
L4_Lung_P3_10X_CGACTTCAGGTAGCTG	Aerocyte
L4_Lung_P3_10X_CGACTTCGTTAGAACA	Aerocyte
L4_Lung_P3_10X_CGAGAAGGTCGTTGTA	Aerocyte
L4_Lung_P3_10X_CGAGAAGTCGTGGACC	Aerocyte
L4_Lung_P3_10X_CGAGCCATCCAATGGT	Aerocyte
L4_Lung_P3_10X_CGATGTACAAGCGAGT	Aerocyte
L4_Lung_P3_10X_CGATGTACATCCAACA	Aerocyte
L4_Lung_P3_10X_CGCCAAGGTGCAACTT	Aerocyte
L4_Lung_P3_10X_CGCGGTAGTTCCACAA	Aerocyte
L4_Lung_P3_10X_CGCGGTATCTCCGGTT	Aerocyte
L4_Lung_P3_10X_CGCGTTTAGCTACCGC	Aerocyte
L4_Lung_P3_10X_CGCGTTTTCAATAAGG	Aerocyte
L4_Lung_P3_10X_CGCTATCGTCTCGTTC	Aerocyte
L4_Lung_P3_10X_CGCTTCAAGCCACGCT	Aerocyte
L4_Lung_P3_10X_CGGACACGTGCAGGTA	Aerocyte
L4_Lung_P3_10X_CGGACGTTCTCTTGAT	Aerocyte
L4_Lung_P3_10X_CGGACTGCATGTTCCC	Aerocyte
L4_Lung_P3_10X_CGGACTGGTGCTGTAT	Aerocyte
L4_Lung_P3_10X_CGGAGCTGTTAAGACA	Aerocyte
L4_Lung_P3_10X_CGGGTCACATCCTTGC	Aerocyte
L4_Lung_P3_10X_CGGGTCATCGTCTGAA	Aerocyte
L4_Lung_P3_10X_CGGTTAAAGGCATGTG	Aerocyte
L4_Lung_P3_10X_CGGTTAACATCACGAT	Aerocyte
L4_Lung_P3_10X_CGGTTAATCGTAGGTT	Aerocyte
L4_Lung_P3_10X_CGTAGGCCAAGTCTGT	Aerocyte
L4_Lung_P3_10X_CGTCACTCAGGCTGAA	Aerocyte
L4_Lung_P3_10X_CGTCAGGAGCAGCCTC	Aerocyte
L4_Lung_P3_10X_CGTCCATAGAGGGCTT	Aerocyte
L4_Lung_P3_10X_CGTCCATAGATCTGAA	Aerocyte
L4_Lung_P3_10X_CGTCCATCACCGAATT	Aerocyte
L4_Lung_P3_10X_CGTCTACTCCACGCAG	Aerocyte
L4_Lung_P3_10X_CGTTCTGAGGTGTTAA	Aerocyte
L4_Lung_P3_10X_CGTTCTGGTATCACCA	Aerocyte
L4_Lung_P3_10X_CGTTGGGGTTGGGACA	Aerocyte
L4_Lung_P3_10X_CTAACTTAGAAACCAT	Aerocyte
L4_Lung_P3_10X_CTAACTTGTAAGAGAG	Aerocyte
L4_Lung_P3_10X_CTAAGACCACGAAAGC	Aerocyte
L4_Lung_P3_10X_CTAATGGGTCCAGTTA	Aerocyte
L4_Lung_P3_10X_CTACACCAGACGCACA	Aerocyte
L4_Lung_P3_10X_CTACACCCACCGGAAA	Aerocyte
L4_Lung_P3_10X_CTACATTTCACAACGT	Aerocyte
L4_Lung_P3_10X_CTACCCAAGGAGTTTA	Aerocyte
L4_Lung_P3_10X_CTACGTCTCGCAAACT	Aerocyte
L4_Lung_P3_10X_CTAGCCTTCCTTAATC	Aerocyte
L4_Lung_P3_10X_CTCACACAGGCGTACA	Aerocyte
L4_Lung_P3_10X_CTCACACCAGGATCGA	Aerocyte
L4_Lung_P3_10X_CTCACACTCTATCCTA	Aerocyte
L4_Lung_P3_10X_CTCATTAAGAATTCCC	Aerocyte
L4_Lung_P3_10X_CTCATTATCGAACGGA	Aerocyte
L4_Lung_P3_10X_CTCCTAGGTCCAGTTA	Aerocyte
L4_Lung_P3_10X_CTCGGAGAGCCCGAAA	Aerocyte
L4_Lung_P3_10X_CTCGGAGGTAAGGGCT	Aerocyte
L4_Lung_P3_10X_CTCGGAGGTCCAAGTT	Aerocyte
L4_Lung_P3_10X_CTCGGGAGTCATATCG	Aerocyte
L4_Lung_P3_10X_CTCGTACGTGTTCTTT	Aerocyte
L4_Lung_P3_10X_CTCGTACTCCTTAATC	Aerocyte
L4_Lung_P3_10X_CTCTACGGTTACCAGT	Aerocyte
L4_Lung_P3_10X_CTCTGGTTCTTGTCAT	Aerocyte
L4_Lung_P3_10X_CTGATCCAGCAGGTCA	Aerocyte
L4_Lung_P3_10X_CTGCCTACAAGCCGTC	Aerocyte
L4_Lung_P3_10X_CTGCGGATCAGGTAAA	Aerocyte
L4_Lung_P3_10X_CTGCGGATCGTGGTCG	Aerocyte
L4_Lung_P3_10X_CTGCTGTCACTATCTT	Aerocyte
L4_Lung_P3_10X_CTGTGCTTCTATCCCG	Aerocyte
L4_Lung_P3_10X_CTGTTTAAGCTCAACT	Aerocyte
L4_Lung_P3_10X_CTGTTTAGTGCATCTA	Aerocyte
L4_Lung_P3_10X_CTTAACTCACGCTTTC	Aerocyte
L4_Lung_P3_10X_CTTAACTCATGACGGA	Aerocyte
L4_Lung_P3_10X_CTTAGGAGTGTGCCTG	Aerocyte
L4_Lung_P3_10X_CTTCTCTCACGGTAAG	Aerocyte
L4_Lung_P3_10X_CTTGGCTCATATGGTC	Aerocyte
L4_Lung_P3_10X_CTTGGCTCATTATCTC	Aerocyte
L4_Lung_P3_10X_GAAATGAGTCGGCTCA	Aerocyte
L4_Lung_P3_10X_GAACATCTCGGAGCAA	Aerocyte
L4_Lung_P3_10X_GAACCTAAGTATTGGA	Aerocyte
L4_Lung_P3_10X_GAACGGAGTAGCCTAT	Aerocyte
L4_Lung_P3_10X_GAAGCAGCACCACGTG	Aerocyte
L4_Lung_P3_10X_GAAGCAGCAGGCGATA	Aerocyte
L4_Lung_P3_10X_GAATGAATCTATCGCC	Aerocyte
L4_Lung_P3_10X_GACAGAGAGAGGACGG	Aerocyte
L4_Lung_P3_10X_GACAGAGGTAATCACC	Aerocyte
L4_Lung_P3_10X_GACCAATGTTGTGGCC	Aerocyte
L4_Lung_P3_10X_GACCTGGTCCACTCCA	Aerocyte
L4_Lung_P3_10X_GACGTGCAGTAGCCGA	Aerocyte
L4_Lung_P3_10X_GACGTGCTCTTGGGTA	Aerocyte
L4_Lung_P3_10X_GACTACAAGGTCGGAT	Aerocyte
L4_Lung_P3_10X_GACTACATCGTCTGAA	Aerocyte
L4_Lung_P3_10X_GACTGCGTCGCGTTTC	Aerocyte
L4_Lung_P3_10X_GAGCAGAAGGCTCATT	Aerocyte
L4_Lung_P3_10X_GAGGTGAAGTCACGCC	Aerocyte
L4_Lung_P3_10X_GATCAGTGTTCCGGCA	Aerocyte
L4_Lung_P3_10X_GATCGATTCTGTTGAG	Aerocyte
L4_Lung_P3_10X_GATCGCGGTGATGTCT	Aerocyte
L4_Lung_P3_10X_GATCTAGGTGATGTCT	Aerocyte
L4_Lung_P3_10X_GATCTAGTCTCCGGTT	Aerocyte
L4_Lung_P3_10X_GATGAGGAGCTGTCTA	Aerocyte
L4_Lung_P3_10X_GATGAGGTCGGACAAG	Aerocyte
L4_Lung_P3_10X_GATGCTAAGGACACCA	Aerocyte
L4_Lung_P3_10X_GATGCTAGTCCTAGCG	Aerocyte
L4_Lung_P3_10X_GATGCTAGTGCGGTAA	Aerocyte
L4_Lung_P3_10X_GATTCAGGTGAGGCTA	Aerocyte
L4_Lung_P3_10X_GCAATCAAGCTGAACG	Aerocyte
L4_Lung_P3_10X_GCAATCATCTCATTCA	Aerocyte
L4_Lung_P3_10X_GCACATATCCTAGGGC	Aerocyte
L4_Lung_P3_10X_GCACTCTGTAGAAGGA	Aerocyte
L4_Lung_P3_10X_GCACTCTGTTCGGGCT	Aerocyte
L4_Lung_P3_10X_GCAGTTAGTATATGAG	Aerocyte
L4_Lung_P3_10X_GCAGTTATCGGTCCGA	Aerocyte
L4_Lung_P3_10X_GCATACAAGAAGATTC	Aerocyte
L4_Lung_P3_10X_GCATACAAGCTAGTCT	Aerocyte
L4_Lung_P3_10X_GCATGATTCTCGTTTA	Aerocyte
L4_Lung_P3_10X_GCATGCGTCAGCTTAG	Aerocyte
L4_Lung_P3_10X_GCATGCGTCGATAGAA	Aerocyte
L4_Lung_P3_10X_GCATGTAGTTTAGGAA	Aerocyte
L4_Lung_P3_10X_GCCAAATCACATTAGC	Aerocyte
L4_Lung_P3_10X_GCCAAATTCGGCGGTT	Aerocyte
L4_Lung_P3_10X_GCGCAACCAATGGAGC	Aerocyte
L4_Lung_P3_10X_GCGCAGTGTGAAATCA	Aerocyte
L4_Lung_P3_10X_GCGCAGTGTTGTGGCC	Aerocyte
L4_Lung_P3_10X_GCGCCAACATTCACTT	Aerocyte
L4_Lung_P3_10X_GCGCCAATCACTATTC	Aerocyte
L4_Lung_P3_10X_GCGGGTTAGCCACGCT	Aerocyte
L4_Lung_P3_10X_GCGGGTTAGGCGTACA	Aerocyte
L4_Lung_P3_10X_GCGGGTTTCCTGCTTG	Aerocyte
L4_Lung_P3_10X_GCGGGTTTCTGGTTCC	Aerocyte
L4_Lung_P3_10X_GCTCCTACACGGTAAG	Aerocyte
L4_Lung_P3_10X_GCTGCAGGTTTAGCTG	Aerocyte
L4_Lung_P3_10X_GCTGCTTTCTCCAACC	Aerocyte
L4_Lung_P3_10X_GCTTGAAAGACGCACA	Aerocyte
L4_Lung_P3_10X_GCTTGAATCTATCCTA	Aerocyte
L4_Lung_P3_10X_GGAAAGCAGTGCCATT	Aerocyte
L4_Lung_P3_10X_GGAAAGCGTTTAAGCC	Aerocyte
L4_Lung_P3_10X_GGACAAGCATGCTAGT	Aerocyte
L4_Lung_P3_10X_GGACGTCCACCCTATC	Aerocyte
L4_Lung_P3_10X_GGACGTCTCCCGGATG	Aerocyte
L4_Lung_P3_10X_GGAGCAAAGGCGCTCT	Aerocyte
L4_Lung_P3_10X_GGAGCAAGTGTAAGTA	Aerocyte
L4_Lung_P3_10X_GGATGTTGTAAACGCG	Aerocyte
L4_Lung_P3_10X_GGATTACCATGCCACG	Aerocyte
L4_Lung_P3_10X_GGCAATTTCGCCAAAT	Aerocyte
L4_Lung_P3_10X_GGCCGATGTGACGCCT	Aerocyte
L4_Lung_P3_10X_GGCGACTGTCACAAGG	Aerocyte
L4_Lung_P3_10X_GGCGTGTCAGCGTTCG	Aerocyte
L4_Lung_P3_10X_GGCTGGTGTAGGACAC	Aerocyte
L4_Lung_P3_10X_GGGACCTTCCTAGGGC	Aerocyte
L4_Lung_P3_10X_GGGATGACAATACGCT	Aerocyte
L4_Lung_P3_10X_GGGATGACAGTGGGAT	Aerocyte
L4_Lung_P3_10X_GGGATGAGTAGCGCTC	Aerocyte
L4_Lung_P3_10X_GGGCACTGTATCGCAT	Aerocyte
L4_Lung_P3_10X_GGGCACTTCGCGCCAA	Aerocyte
L4_Lung_P3_10X_GGGCATCAGAAACCAT	Aerocyte
L4_Lung_P3_10X_GGGCATCCAGGATCGA	Aerocyte
L4_Lung_P3_10X_GGTGAAGAGGGTGTTG	Aerocyte
L4_Lung_P3_10X_GGTGCGTAGGACAGAA	Aerocyte
L4_Lung_P3_10X_GGTGCGTGTACTCGCG	Aerocyte
L4_Lung_P3_10X_GGTGTTACACCTATCC	Aerocyte
L4_Lung_P3_10X_GTACGTAAGTACGATA	Aerocyte
L4_Lung_P3_10X_GTACTCCGTACCAGTT	Aerocyte
L4_Lung_P3_10X_GTACTTTGTGCGCTTG	Aerocyte
L4_Lung_P3_10X_GTACTTTTCTCGCTTG	Aerocyte
L4_Lung_P3_10X_GTAGTCAAGCCAGGAT	Aerocyte
L4_Lung_P3_10X_GTAGTCACAGATGGCA	Aerocyte
L4_Lung_P3_10X_GTATCTTGTTACGCGC	Aerocyte
L4_Lung_P3_10X_GTCAAGTAGCATGGCA	Aerocyte
L4_Lung_P3_10X_GTCAAGTTCGCGGATC	Aerocyte
L4_Lung_P3_10X_GTCATTTCACATTTCT	Aerocyte
L4_Lung_P3_10X_GTCATTTGTAGAAAGG	Aerocyte
L4_Lung_P3_10X_GTCATTTTCAACACAC	Aerocyte
L4_Lung_P3_10X_GTCCTCACACCACCAG	Aerocyte
L4_Lung_P3_10X_GTCCTCAGTGTGCGTC	Aerocyte
L4_Lung_P3_10X_GTCGGGTAGTGCCATT	Aerocyte
L4_Lung_P3_10X_GTCGGGTCAGTTCCCT	Aerocyte
L4_Lung_P3_10X_GTCTTCGCATCGGAAG	Aerocyte
L4_Lung_P3_10X_GTGCAGCCACCACCAG	Aerocyte
L4_Lung_P3_10X_GTGCAGCGTAGCCTAT	Aerocyte
L4_Lung_P3_10X_GTGGGTCCAGCGATCC	Aerocyte
L4_Lung_P3_10X_GTGGGTCTCAACGGCC	Aerocyte
L4_Lung_P3_10X_GTGTGCGAGCGTTCCG	Aerocyte
L4_Lung_P3_10X_GTGTGCGCATCGGACC	Aerocyte
L4_Lung_P3_10X_GTGTGCGTCTCGCTTG	Aerocyte
L4_Lung_P3_10X_GTGTTAGAGTCTTGCA	Aerocyte
L4_Lung_P3_10X_GTTAAGCCATCACGTA	Aerocyte
L4_Lung_P3_10X_GTTACAGCAGTCAGAG	Aerocyte
L4_Lung_P3_10X_GTTACAGGTACGCTGC	Aerocyte
L4_Lung_P3_10X_GTTCATTAGACCTTTG	Aerocyte
L4_Lung_P3_10X_TAAACCGCACCACCAG	Aerocyte
L4_Lung_P3_10X_TAAGAGATCAGGTAAA	Aerocyte
L4_Lung_P3_10X_TAAGCGTAGGCAATTA	Aerocyte
L4_Lung_P3_10X_TAAGCGTCAAGACGTG	Aerocyte
L4_Lung_P3_10X_TAAGTGCCATGGTCAT	Aerocyte
L4_Lung_P3_10X_TAAGTGCCATTTGCCC	Aerocyte
L4_Lung_P3_10X_TACAGTGCACCGAAAG	Aerocyte
L4_Lung_P3_10X_TACCTATAGGAGCGAG	Aerocyte
L4_Lung_P3_10X_TACCTTAAGAAGATTC	Aerocyte
L4_Lung_P3_10X_TACCTTAGTCTCTTTA	Aerocyte
L4_Lung_P3_10X_TACGGGCCAGCTCCGA	Aerocyte
L4_Lung_P3_10X_TACGGGCGTGAGCGAT	Aerocyte
L4_Lung_P3_10X_TACGGTAGTCTCTCTG	Aerocyte
L4_Lung_P3_10X_TACTCGCTCCTGCCAT	Aerocyte
L4_Lung_P3_10X_TACTTACAGCAGGCTA	Aerocyte
L4_Lung_P3_10X_TACTTACGTCAACTGT	Aerocyte
L4_Lung_P3_10X_TACTTGTCAGGACGTA	Aerocyte
L4_Lung_P3_10X_TAGACCACAGTGGAGT	Aerocyte
L4_Lung_P3_10X_TAGACCATCAGCTTAG	Aerocyte
L4_Lung_P3_10X_TAGTGGTCACTTCTGC	Aerocyte
L4_Lung_P3_10X_TAGTGGTCATACAGCT	Aerocyte
L4_Lung_P3_10X_TAGTTGGTCAACACAC	Aerocyte
L4_Lung_P3_10X_TAGTTGGTCCACGAAT	Aerocyte
L4_Lung_P3_10X_TATCAGGTCATTGCCC	Aerocyte
L4_Lung_P3_10X_TATCAGGTCCGTTGTC	Aerocyte
L4_Lung_P3_10X_TATCAGGTCGGCCGAT	Aerocyte
L4_Lung_P3_10X_TATCTCAAGACTCGGA	Aerocyte
L4_Lung_P3_10X_TATCTCAAGACTGTAA	Aerocyte
L4_Lung_P3_10X_TATTACCGTCTGCGGT	Aerocyte
L4_Lung_P3_10X_TCAACGAAGCACCGTC	Aerocyte
L4_Lung_P3_10X_TCAATCTAGCTACCGC	Aerocyte
L4_Lung_P3_10X_TCAATCTAGGTACTCT	Aerocyte
L4_Lung_P3_10X_TCACGAAGTCGCCATG	Aerocyte
L4_Lung_P3_10X_TCACGAAGTGCTTCTC	Aerocyte
L4_Lung_P3_10X_TCAGGTAAGGAACTGC	Aerocyte
L4_Lung_P3_10X_TCCACACCAGCTCGAC	Aerocyte
L4_Lung_P3_10X_TCCCGATAGTCTTGCA	Aerocyte
L4_Lung_P3_10X_TCCCGATGTCTAAAGA	Aerocyte
L4_Lung_P3_10X_TCCCGATTCTGTTGAG	Aerocyte
L4_Lung_P3_10X_TCGAGGCAGCGTGTCC	Aerocyte
L4_Lung_P3_10X_TCGAGGCAGTGTACGG	Aerocyte
L4_Lung_P3_10X_TCGGGACCAAGCGCTC	Aerocyte
L4_Lung_P3_10X_TCGGTAATCCACTGGG	Aerocyte
L4_Lung_P3_10X_TCTCATAGTCTACCTC	Aerocyte
L4_Lung_P3_10X_TCTCATAGTGGCTCCA	Aerocyte
L4_Lung_P3_10X_TCTCTAATCTTTCCTC	Aerocyte
L4_Lung_P3_10X_TCTGGAAAGGTGCACA	Aerocyte
L4_Lung_P3_10X_TCTGGAATCGGAATCT	Aerocyte
L4_Lung_P3_10X_TCTTCGGGTGTTTGTG	Aerocyte
L4_Lung_P3_10X_TCTTTCCAGTAAGTAC	Aerocyte
L4_Lung_P3_10X_TCTTTCCTCACTGGGC	Aerocyte
L4_Lung_P3_10X_TGAAAGACAGACACTT	Aerocyte
L4_Lung_P3_10X_TGACTAGAGGACCACA	Aerocyte
L4_Lung_P3_10X_TGAGAGGCATGCTGGC	Aerocyte
L4_Lung_P3_10X_TGAGCATTCTGCGGCA	Aerocyte
L4_Lung_P3_10X_TGAGCCGCAGCCACCA	Aerocyte
L4_Lung_P3_10X_TGAGGGAGTTCATGGT	Aerocyte
L4_Lung_P3_10X_TGCCCTACAATCTACG	Aerocyte
L4_Lung_P3_10X_TGCGTGGAGACAAGCC	Aerocyte
L4_Lung_P3_10X_TGCGTGGAGTTAGCGG	Aerocyte
L4_Lung_P3_10X_TGCGTGGCACAGCCCA	Aerocyte
L4_Lung_P3_10X_TGCGTGGCATGTAGTC	Aerocyte
L4_Lung_P3_10X_TGCTACCCACTCAGGC	Aerocyte
L4_Lung_P3_10X_TGCTACCGTCACACGC	Aerocyte
L4_Lung_P3_10X_TGGCCAGGTGAGGGAG	Aerocyte
L4_Lung_P3_10X_TGGCGCAGTGATAAAC	Aerocyte
L4_Lung_P3_10X_TGGCGCATCTAGCACA	Aerocyte
L4_Lung_P3_10X_TGGCTGGTCATCGATG	Aerocyte
L4_Lung_P3_10X_TGGGAAGTCTGAGGGA	Aerocyte
L4_Lung_P3_10X_TGGGCGTGTGGTTTCA	Aerocyte
L4_Lung_P3_10X_TGGTTAGCACCGCTAG	Aerocyte
L4_Lung_P3_10X_TGGTTCCGTCTTGATG	Aerocyte
L4_Lung_P3_10X_TGGTTCCTCTTCATGT	Aerocyte
L4_Lung_P3_10X_TGTGTTTAGATCACGG	Aerocyte
L4_Lung_P3_10X_TGTTCCGAGAAACGAG	Aerocyte
L4_Lung_P3_10X_TGTTCCGAGCAGCGTA	Aerocyte
L4_Lung_P3_10X_TGTTCCGAGTCCATAC	Aerocyte
L4_Lung_P3_10X_TGTTCCGCATGGGAAC	Aerocyte
L4_Lung_P3_10X_TGTTCCGGTGATGATA	Aerocyte
L4_Lung_P3_10X_TTAACTCCAATCACAC	Aerocyte
L4_Lung_P3_10X_TTAGGACGTAGGAGTC	Aerocyte
L4_Lung_P3_10X_TTAGGCAGTCTTTCAT	Aerocyte
L4_Lung_P3_10X_TTAGGCAGTTGTTTGG	Aerocyte
L4_Lung_P3_10X_TTAGTTCCATTGCGGC	Aerocyte
L4_Lung_P3_10X_TTATGCTGTGGACGAT	Aerocyte
L4_Lung_P3_10X_TTCGGTCCATTTGCCC	Aerocyte
L4_Lung_P3_10X_TTCTACATCGTCGTTC	Aerocyte
L4_Lung_P3_10X_TTCTCAACACACGCTG	Aerocyte
L4_Lung_P3_10X_TTCTTAGCATCGGGTC	Aerocyte
L4_Lung_P3_10X_TTCTTAGCATTGCGGC	Aerocyte
L4_Lung_P3_10X_TTCTTAGTCGCGCCAA	Aerocyte
L4_Lung_P3_10X_TTGCCGTAGGATGGTC	Aerocyte
L4_Lung_P3_10X_TTGGAACTCGTGGACC	Aerocyte
L4_Lung_P3_10X_TTGTAGGGTTGGTGGA	Aerocyte
L4_Lung_P3_10X_TTTACTGAGAAACCTA	Aerocyte
L4_Lung_P3_10X_TTTACTGAGCTAGTGG	Aerocyte
L4_Lung_P3_10X_TTTATGCTCTGCTGCT	Aerocyte
L4_Lung_P3_10X_TTTCCTCAGCGTCAAG	Aerocyte
L4_Lung_P3_10X_TTTCCTCCAGACACTT	Aerocyte
L4_Lung_P3_10X_TTTGCGCCAAGACGTG	Aerocyte
L4_Lung_P1_10X_AAACCTGCATGCAACT	Aerocyte
L4_Lung_P1_10X_AAACCTGCATTGCGGC	Aerocyte
L4_Lung_P1_10X_AAAGATGTCGTTTATC	Aerocyte
L4_Lung_P1_10X_AAAGCAAGTATTAGCC	Aerocyte
L4_Lung_P1_10X_AAAGTAGCATATGGTC	Aerocyte
L4_Lung_P1_10X_AACACGTTCATGTGGT	Aerocyte
L4_Lung_P1_10X_AACTCTTTCATTGCGA	Aerocyte
L4_Lung_P1_10X_AACTGGTGTATTCGTG	Aerocyte
L4_Lung_P1_10X_AAGGCAGGTGCCTGCA	Aerocyte
L4_Lung_P1_10X_AAGGTTCTCTGATTCT	Aerocyte
L4_Lung_P1_10X_AAGTCTGAGATAGTCA	Aerocyte
L4_Lung_P1_10X_ACAGCTAAGTCGATAA	Aerocyte
L4_Lung_P1_10X_ACATACGGTACCGTAT	Aerocyte
L4_Lung_P1_10X_ACATACGGTCTGGAGA	Aerocyte
L4_Lung_P1_10X_ACCCACTCAGGCGATA	Aerocyte
L4_Lung_P1_10X_ACCGTAACATTAGCCA	Aerocyte
L4_Lung_P1_10X_ACCGTAAGTAAGGATT	Aerocyte
L4_Lung_P1_10X_ACCTTTACACAACGCC	Aerocyte
L4_Lung_P1_10X_ACGAGCCGTGTGCCTG	Aerocyte
L4_Lung_P1_10X_ACGAGGATCGCATGAT	Aerocyte
L4_Lung_P1_10X_ACGCAGCAGCGAAGGG	Aerocyte
L4_Lung_P1_10X_ACGCCGAAGAGACTTA	Aerocyte
L4_Lung_P1_10X_ACGCCGACAGTGACAG	Aerocyte
L4_Lung_P1_10X_ACGGCCACAGGTTTCA	Aerocyte
L4_Lung_P1_10X_ACGGGCTCAAACGCGA	Aerocyte
L4_Lung_P1_10X_ACGTCAACACTGTGTA	Aerocyte
L4_Lung_P1_10X_ACGTCAAGTTGGTGGA	Aerocyte
L4_Lung_P1_10X_ACTATCTAGAGGTTGC	Aerocyte
L4_Lung_P1_10X_ACTTGTTAGGGCTTCC	Aerocyte
L4_Lung_P1_10X_ACTTGTTGTAAGTGGC	Aerocyte
L4_Lung_P1_10X_AGAATAGCAGTAGAGC	Aerocyte
L4_Lung_P1_10X_AGACGTTTCTGTACGA	Aerocyte
L4_Lung_P1_10X_AGAGCTTGTTAAGATG	Aerocyte
L4_Lung_P1_10X_AGCCTAAAGGTTACCT	Aerocyte
L4_Lung_P1_10X_AGCGTATCATGGGACA	Aerocyte
L4_Lung_P1_10X_AGCGTATGTATGCTTG	Aerocyte
L4_Lung_P1_10X_AGCGTCGAGGTGACCA	Aerocyte
L4_Lung_P1_10X_AGCTCTCTCGCTGATA	Aerocyte
L4_Lung_P1_10X_AGGCCGTGTTCTGTTT	Aerocyte
L4_Lung_P1_10X_AGGGATGAGTAGATGT	Aerocyte
L4_Lung_P1_10X_AGGGATGGTGACTACT	Aerocyte
L4_Lung_P1_10X_AGTAGTCAGAAAGTGG	Aerocyte
L4_Lung_P1_10X_AGTAGTCCAACTTGAC	Aerocyte
L4_Lung_P1_10X_AGTAGTCGTCCAAGTT	Aerocyte
L4_Lung_P1_10X_AGTCTTTCAAGTAATG	Aerocyte
L4_Lung_P1_10X_AGTGAGGGTAGGAGTC	Aerocyte
L4_Lung_P1_10X_AGTGGGAGTCGTTGTA	Aerocyte
L4_Lung_P1_10X_ATAGACCGTTCAACCA	Aerocyte
L4_Lung_P1_10X_ATAGACCTCTCTAGGA	Aerocyte
L4_Lung_P1_10X_ATCATCTGTTCAGGCC	Aerocyte
L4_Lung_P1_10X_ATCATGGGTGTGGTTT	Aerocyte
L4_Lung_P1_10X_ATCCACCAGCCCAGCT	Aerocyte
L4_Lung_P1_10X_ATCCGAACAATGAATG	Aerocyte
L4_Lung_P1_10X_ATCCGAACACAAGACG	Aerocyte
L4_Lung_P1_10X_ATCGAGTAGATAGCAT	Aerocyte
L4_Lung_P1_10X_ATCTACTTCAATAAGG	Aerocyte
L4_Lung_P1_10X_ATCTACTTCCACGCAG	Aerocyte
L4_Lung_P1_10X_ATCTACTTCTCATTCA	Aerocyte
L4_Lung_P1_10X_ATGAGGGGTGCAGTAG	Aerocyte
L4_Lung_P1_10X_ATGAGGGTCACCGTAA	Aerocyte
L4_Lung_P1_10X_ATGCGATGTTGCTCCT	Aerocyte
L4_Lung_P1_10X_ATGGGAGTCCCTAACC	Aerocyte
L4_Lung_P1_10X_ATGTGTGGTAATCGTC	Aerocyte
L4_Lung_P1_10X_ATTCTACGTAATCGTC	Aerocyte
L4_Lung_P1_10X_ATTGGACTCGACGGAA	Aerocyte
L4_Lung_P1_10X_ATTGGTGAGACAATAC	Aerocyte
L4_Lung_P1_10X_CAACCAACACGAGGTA	Aerocyte
L4_Lung_P1_10X_CAACCAATCGAATGCT	Aerocyte
L4_Lung_P1_10X_CAACTAGAGAAACGCC	Aerocyte
L4_Lung_P1_10X_CAACTAGAGATAGTCA	Aerocyte
L4_Lung_P1_10X_CAAGAAAAGTGAATTG	Aerocyte
L4_Lung_P1_10X_CAAGAAAGTGTTCTTT	Aerocyte
L4_Lung_P1_10X_CAAGAAATCTATCCCG	Aerocyte
L4_Lung_P1_10X_CAAGATCGTTCGAATC	Aerocyte
L4_Lung_P1_10X_CACAAACAGGCATTGG	Aerocyte
L4_Lung_P1_10X_CACAAACTCCACGAAT	Aerocyte
L4_Lung_P1_10X_CACACAAGTGTAACGG	Aerocyte
L4_Lung_P1_10X_CACAGGCAGAGGTTAT	Aerocyte
L4_Lung_P1_10X_CACAGGCGTCGGCACT	Aerocyte
L4_Lung_P1_10X_CACAGTACAGTGAGTG	Aerocyte
L4_Lung_P1_10X_CACAGTAGTTATGCGT	Aerocyte
L4_Lung_P1_10X_CACATAGCATAAAGGT	Aerocyte
L4_Lung_P1_10X_CACATTTAGACGCACA	Aerocyte
L4_Lung_P1_10X_CACCTTGCAGGTCCAC	Aerocyte
L4_Lung_P1_10X_CAGAGAGGTCTAGTCA	Aerocyte
L4_Lung_P1_10X_CAGATCACATGGAATA	Aerocyte
L4_Lung_P1_10X_CAGCAGCCAGGAATCG	Aerocyte
L4_Lung_P1_10X_CAGCCGAAGTAGCCGA	Aerocyte
L4_Lung_P1_10X_CAGCCGAGTGACGGTA	Aerocyte
L4_Lung_P1_10X_CAGCTAAGTACTCGCG	Aerocyte
L4_Lung_P1_10X_CAGCTGGTCACCCGAG	Aerocyte
L4_Lung_P1_10X_CAGGTGCTCAACCAAC	Aerocyte
L4_Lung_P1_10X_CAGTAACTCGCGTAGC	Aerocyte
L4_Lung_P1_10X_CAGTAACTCTCGGACG	Aerocyte
L4_Lung_P1_10X_CAGTCCTCACGGACAA	Aerocyte
L4_Lung_P1_10X_CATATTCCAGTGACAG	Aerocyte
L4_Lung_P1_10X_CATATTCCATTTCAGG	Aerocyte
L4_Lung_P1_10X_CATATTCTCTCTTATG	Aerocyte
L4_Lung_P1_10X_CATCAAGCACCCATTC	Aerocyte
L4_Lung_P1_10X_CATCGAAAGGACATTA	Aerocyte
L4_Lung_P1_10X_CATGCCTGTTATCCGA	Aerocyte
L4_Lung_P1_10X_CATGGCGAGATGCCTT	Aerocyte
L4_Lung_P1_10X_CATGGCGTCTCCAGGG	Aerocyte
L4_Lung_P1_10X_CATTATCCATTTGCTT	Aerocyte
L4_Lung_P1_10X_CCACCTACACTTACGA	Aerocyte
L4_Lung_P1_10X_CCACCTAGTCAGAAGC	Aerocyte
L4_Lung_P1_10X_CCACCTAGTGTTCTTT	Aerocyte
L4_Lung_P1_10X_CCACGGAAGCGCCTTG	Aerocyte
L4_Lung_P1_10X_CCACGGAGTCAAACTC	Aerocyte
L4_Lung_P1_10X_CCACGGATCTCCAACC	Aerocyte
L4_Lung_P1_10X_CCCAATCCACTCAGGC	Aerocyte
L4_Lung_P1_10X_CCCAGTTCAGCTGCAC	Aerocyte
L4_Lung_P1_10X_CCCATACCACTACAGT	Aerocyte
L4_Lung_P1_10X_CCGGGATGTCTGCGGT	Aerocyte
L4_Lung_P1_10X_CCGTGGACATATACGC	Aerocyte
L4_Lung_P1_10X_CCTACACTCATGTAGC	Aerocyte
L4_Lung_P1_10X_CCTACACTCCTGTACC	Aerocyte
L4_Lung_P1_10X_CCTACCACACGGTGTC	Aerocyte
L4_Lung_P1_10X_CCTAGCTTCCATGAGT	Aerocyte
L4_Lung_P1_10X_CCTAGCTTCTGGTATG	Aerocyte
L4_Lung_P1_10X_CCTATTAAGACTGGGT	Aerocyte
L4_Lung_P1_10X_CCTCAGTTCATATCGG	Aerocyte
L4_Lung_P1_10X_CCTCTGATCGATCCCT	Aerocyte
L4_Lung_P1_10X_CCTTCGACACCACGTG	Aerocyte
L4_Lung_P1_10X_CGAACATGTCCTAGCG	Aerocyte
L4_Lung_P1_10X_CGAATGTCAAATACAG	Aerocyte
L4_Lung_P1_10X_CGAATGTCACCCAGTG	Aerocyte
L4_Lung_P1_10X_CGAATGTTCTCCTATA	Aerocyte
L4_Lung_P1_10X_CGACCTTTCAGCTCTC	Aerocyte
L4_Lung_P1_10X_CGACTTCGTGCACGAA	Aerocyte
L4_Lung_P1_10X_CGAGCACCAATTGCTG	Aerocyte
L4_Lung_P1_10X_CGAGCACTCAGAAATG	Aerocyte
L4_Lung_P1_10X_CGATGGCAGCCCAATT	Aerocyte
L4_Lung_P1_10X_CGATGGCTCCAGGGCT	Aerocyte
L4_Lung_P1_10X_CGATGTAGTTGTTTGG	Aerocyte
L4_Lung_P1_10X_CGCGTTTGTCTCACCT	Aerocyte
L4_Lung_P1_10X_CGCTATCAGGAGTTGC	Aerocyte
L4_Lung_P1_10X_CGCTATCGTAGCAAAT	Aerocyte
L4_Lung_P1_10X_CGCTTCATCTGACCTC	Aerocyte
L4_Lung_P1_10X_CGGACACCAACACCCG	Aerocyte
L4_Lung_P1_10X_CGGACGTAGGCTAGCA	Aerocyte
L4_Lung_P1_10X_CGGACTGCATGAGCGA	Aerocyte
L4_Lung_P1_10X_CGGCTAGAGATTACCC	Aerocyte
L4_Lung_P1_10X_CGGCTAGAGTCCGTAT	Aerocyte
L4_Lung_P1_10X_CGGGTCAGTAGCGCAA	Aerocyte
L4_Lung_P1_10X_CGTAGGCAGTTGAGTA	Aerocyte
L4_Lung_P1_10X_CGTCAGGAGTTAAGTG	Aerocyte
L4_Lung_P1_10X_CGTCTACTCATCATTC	Aerocyte
L4_Lung_P1_10X_CGTGAGCCATCCGGGT	Aerocyte
L4_Lung_P1_10X_CTAACTTTCTCGCATC	Aerocyte
L4_Lung_P1_10X_CTACACCGTTACCGAT	Aerocyte
L4_Lung_P1_10X_CTACATTCAGTTCCCT	Aerocyte
L4_Lung_P1_10X_CTACCCACAACTTGAC	Aerocyte
L4_Lung_P1_10X_CTACGTCCAAAGGCGT	Aerocyte
L4_Lung_P1_10X_CTAGAGTAGGCGATAC	Aerocyte
L4_Lung_P1_10X_CTAGAGTCAGCCAGAA	Aerocyte
L4_Lung_P1_10X_CTAGAGTTCATCATTC	Aerocyte
L4_Lung_P1_10X_CTAGCCTCATGTCGAT	Aerocyte
L4_Lung_P1_10X_CTCACACCAGTATGCT	Aerocyte
L4_Lung_P1_10X_CTCACACGTGATGTGG	Aerocyte
L4_Lung_P1_10X_CTCGTCACAGAAGCAC	Aerocyte
L4_Lung_P1_10X_CTCTAATAGGACATTA	Aerocyte
L4_Lung_P1_10X_CTGAAGTCAACGATCT	Aerocyte
L4_Lung_P1_10X_CTGAAGTGTGAGGGAG	Aerocyte
L4_Lung_P1_10X_CTGAAGTTCATCTGCC	Aerocyte
L4_Lung_P1_10X_CTGCTGTAGTGTACCT	Aerocyte
L4_Lung_P1_10X_CTGTGCTGTATCAGTC	Aerocyte
L4_Lung_P1_10X_CTGTGCTTCCTCGCAT	Aerocyte
L4_Lung_P1_10X_CTTACCGTCCCTTGTG	Aerocyte
L4_Lung_P1_10X_CTTAGGACACGTAAGG	Aerocyte
L4_Lung_P1_10X_CTTAGGATCTGTCTCG	Aerocyte
L4_Lung_P1_10X_CTTCTCTCAAACTGCT	Aerocyte
L4_Lung_P1_10X_GAAACTCCAGGTGCCT	Aerocyte
L4_Lung_P1_10X_GAAACTCGTGCACCAC	Aerocyte
L4_Lung_P1_10X_GAACCTAGTTCAGGCC	Aerocyte
L4_Lung_P1_10X_GAAGCAGCAGTAGAGC	Aerocyte
L4_Lung_P1_10X_GAAGCAGGTCGAAAGC	Aerocyte
L4_Lung_P1_10X_GACAGAGAGTAATCCC	Aerocyte
L4_Lung_P1_10X_GACCAATAGTACCGGA	Aerocyte
L4_Lung_P1_10X_GACCAATCATTTGCTT	Aerocyte
L4_Lung_P1_10X_GACCAATGTTCCACTC	Aerocyte
L4_Lung_P1_10X_GACGCGTAGAGTTGGC	Aerocyte
L4_Lung_P1_10X_GACGGCTCAGAGTGTG	Aerocyte
L4_Lung_P1_10X_GACGGCTCAGGACCCT	Aerocyte
L4_Lung_P1_10X_GACGTGCCACGCGAAA	Aerocyte
L4_Lung_P1_10X_GACGTGCTCTGATTCT	Aerocyte
L4_Lung_P1_10X_GACGTTAAGACCCACC	Aerocyte
L4_Lung_P1_10X_GACGTTATCTTCAACT	Aerocyte
L4_Lung_P1_10X_GACTAACTCAGAGACG	Aerocyte
L4_Lung_P1_10X_GACTGCGTCATGTCCC	Aerocyte
L4_Lung_P1_10X_GACTGCGTCATTGCCC	Aerocyte
L4_Lung_P1_10X_GAGCAGATCAGTTGAC	Aerocyte
L4_Lung_P1_10X_GAGGTGAAGCCTTGAT	Aerocyte
L4_Lung_P1_10X_GAGGTGATCGTAGGAG	Aerocyte
L4_Lung_P1_10X_GAGTCCGCACGAAGCA	Aerocyte
L4_Lung_P1_10X_GATCGATCAATCCGAT	Aerocyte
L4_Lung_P1_10X_GATCGATCAATTGCTG	Aerocyte
L4_Lung_P1_10X_GATCGATCAGACAGGT	Aerocyte
L4_Lung_P1_10X_GATCTAGCACGCGAAA	Aerocyte
L4_Lung_P1_10X_GATGAGGAGATGTGTA	Aerocyte
L4_Lung_P1_10X_GCAATCATCCAAGTAC	Aerocyte
L4_Lung_P1_10X_GCATACATCAGTTTGG	Aerocyte
L4_Lung_P1_10X_GCATGATCAGGTGGAT	Aerocyte
L4_Lung_P1_10X_GCATGCGAGGTCATCT	Aerocyte
L4_Lung_P1_10X_GCATGTATCAAGATCC	Aerocyte
L4_Lung_P1_10X_GCCAAATCACAGATTC	Aerocyte
L4_Lung_P1_10X_GCCAAATTCATAGCAC	Aerocyte
L4_Lung_P1_10X_GCGCAGTAGACTAGAT	Aerocyte
L4_Lung_P1_10X_GCGCCAAAGCGTAGTG	Aerocyte
L4_Lung_P1_10X_GCGCCAACAACACGCC	Aerocyte
L4_Lung_P1_10X_GCGGGTTCAAACTGCT	Aerocyte
L4_Lung_P1_10X_GCTCCTAAGAAGGCCT	Aerocyte
L4_Lung_P1_10X_GCTCCTATCGGCGGTT	Aerocyte
L4_Lung_P1_10X_GCTCTGTCAACGATGG	Aerocyte
L4_Lung_P1_10X_GCTGCGACATCTCGCT	Aerocyte
L4_Lung_P1_10X_GCTTCCATCTCTGTCG	Aerocyte
L4_Lung_P1_10X_GGAACTTCAGAGTGTG	Aerocyte
L4_Lung_P1_10X_GGAACTTCAGGTCTCG	Aerocyte
L4_Lung_P1_10X_GGAATAAAGTGCGTGA	Aerocyte
L4_Lung_P1_10X_GGAATAACAATAGCAA	Aerocyte
L4_Lung_P1_10X_GGACAAGCAATGGTCT	Aerocyte
L4_Lung_P1_10X_GGACAAGCACAAGTAA	Aerocyte
L4_Lung_P1_10X_GGACAAGGTCGCGGTT	Aerocyte
L4_Lung_P1_10X_GGACAGAGTAAAGTCA	Aerocyte
L4_Lung_P1_10X_GGACAGATCGGAAACG	Aerocyte
L4_Lung_P1_10X_GGACATTTCAAACGGG	Aerocyte
L4_Lung_P1_10X_GGACGTCAGTTATCGC	Aerocyte
L4_Lung_P1_10X_GGAGCAAAGCGTAATA	Aerocyte
L4_Lung_P1_10X_GGAGCAATCACTCCTG	Aerocyte
L4_Lung_P1_10X_GGATTACTCTTGAGGT	Aerocyte
L4_Lung_P1_10X_GGCAATTTCGACAGCC	Aerocyte
L4_Lung_P1_10X_GGCCGATAGATATACG	Aerocyte
L4_Lung_P1_10X_GGCGTGTTCCTATTCA	Aerocyte
L4_Lung_P1_10X_GGGCACTAGCACCGCT	Aerocyte
L4_Lung_P1_10X_GGGCACTGTAAACACA	Aerocyte
L4_Lung_P1_10X_GGGTCTGGTAAGGGAA	Aerocyte
L4_Lung_P1_10X_GGGTCTGTCTGCGACG	Aerocyte
L4_Lung_P1_10X_GGGTTGCAGTCGTACT	Aerocyte
L4_Lung_P1_10X_GGTGCGTAGAACTGTA	Aerocyte
L4_Lung_P1_10X_GGTGCGTAGTGCCAGA	Aerocyte
L4_Lung_P1_10X_GGTGCGTTCTCATTCA	Aerocyte
L4_Lung_P1_10X_GTAGGCCAGCCCAGCT	Aerocyte
L4_Lung_P1_10X_GTAGGCCAGTGAAGTT	Aerocyte
L4_Lung_P1_10X_GTATCTTTCAACTCTT	Aerocyte
L4_Lung_P1_10X_GTATTCTAGCGATCCC	Aerocyte
L4_Lung_P1_10X_GTATTCTTCGTTTGCC	Aerocyte
L4_Lung_P1_10X_GTCACAACACGTGAGA	Aerocyte
L4_Lung_P1_10X_GTCACAAGTCGCTTTC	Aerocyte
L4_Lung_P1_10X_GTCGGGTTCTCTGTCG	Aerocyte
L4_Lung_P1_10X_GTCTCGTCACGTAAGG	Aerocyte
L4_Lung_P1_10X_GTCTTCGTCTCGAGTA	Aerocyte
L4_Lung_P1_10X_GTGAAGGGTCTTGCGG	Aerocyte
L4_Lung_P1_10X_GTGCATACACATTTCT	Aerocyte
L4_Lung_P1_10X_GTGCGGTAGCACCGTC	Aerocyte
L4_Lung_P1_10X_GTGTTAGAGGCTAGCA	Aerocyte
L4_Lung_P1_10X_GTTAAGCAGAACAATC	Aerocyte
L4_Lung_P1_10X_GTTCATTAGGCATGGT	Aerocyte
L4_Lung_P1_10X_GTTCATTAGTCCCACG	Aerocyte
L4_Lung_P1_10X_GTTCATTCATGACGGA	Aerocyte
L4_Lung_P1_10X_GTTCATTGTGTCTGAT	Aerocyte
L4_Lung_P1_10X_GTTCATTGTTATCGGT	Aerocyte
L4_Lung_P1_10X_GTTCTCGTCTCGAGTA	Aerocyte
L4_Lung_P1_10X_TAAACCGAGTAGTGCG	Aerocyte
L4_Lung_P1_10X_TACCTTATCTGCAGTA	Aerocyte
L4_Lung_P1_10X_TACGGGCTCTTCAACT	Aerocyte
L4_Lung_P1_10X_TACGGTAAGACTAAGT	Aerocyte
L4_Lung_P1_10X_TACGGTATCAGCGATT	Aerocyte
L4_Lung_P1_10X_TACTTGTTCCTGTACC	Aerocyte
L4_Lung_P1_10X_TACTTGTTCGCTGATA	Aerocyte
L4_Lung_P1_10X_TAGGCATTCGAACTGT	Aerocyte
L4_Lung_P1_10X_TAGTGGTAGGCCGAAT	Aerocyte
L4_Lung_P1_10X_TAGTTGGAGTTACCCA	Aerocyte
L4_Lung_P1_10X_TAGTTGGTCTGTCAAG	Aerocyte
L4_Lung_P1_10X_TATGCCCCACATGTGT	Aerocyte
L4_Lung_P1_10X_TCAATCTTCAAACCGT	Aerocyte
L4_Lung_P1_10X_TCACAAGCAATCACAC	Aerocyte
L4_Lung_P1_10X_TCAGATGAGCAATATG	Aerocyte
L4_Lung_P1_10X_TCAGATGCATGCCCGA	Aerocyte
L4_Lung_P1_10X_TCAGCTCAGTTATCGC	Aerocyte
L4_Lung_P1_10X_TCAGGATGTGTTCTTT	Aerocyte
L4_Lung_P1_10X_TCAGGATTCTAACCGA	Aerocyte
L4_Lung_P1_10X_TCATTACAGGTGTGGT	Aerocyte
L4_Lung_P1_10X_TCCCGATGTACCGTAT	Aerocyte
L4_Lung_P1_10X_TCGCGAGGTGATGTGG	Aerocyte
L4_Lung_P1_10X_TCGGTAAAGTTGAGAT	Aerocyte
L4_Lung_P1_10X_TCTCATACAAACCTAC	Aerocyte
L4_Lung_P1_10X_TCTGGAACAAGTAATG	Aerocyte
L4_Lung_P1_10X_TCTGGAAGTAGGACAC	Aerocyte
L4_Lung_P1_10X_TCTGGAAGTTACGGAG	Aerocyte
L4_Lung_P1_10X_TCTTCGGCACAGACTT	Aerocyte
L4_Lung_P1_10X_TGACTTTCAACTGCGC	Aerocyte
L4_Lung_P1_10X_TGACTTTGTTCAGACT	Aerocyte
L4_Lung_P1_10X_TGAGAGGAGACTTGAA	Aerocyte
L4_Lung_P1_10X_TGAGAGGAGTGCGTGA	Aerocyte
L4_Lung_P1_10X_TGAGAGGCACGTCAGC	Aerocyte
L4_Lung_P1_10X_TGAGCATGTACAAGTA	Aerocyte
L4_Lung_P1_10X_TGATTTCAGACAAAGG	Aerocyte
L4_Lung_P1_10X_TGCCAAAAGGTACTCT	Aerocyte
L4_Lung_P1_10X_TGCCAAAAGTCACGCC	Aerocyte
L4_Lung_P1_10X_TGCCAAATCGGTCCGA	Aerocyte
L4_Lung_P1_10X_TGCCCTAGTAAACCTC	Aerocyte
L4_Lung_P1_10X_TGCGGGTGTTCGCTAA	Aerocyte
L4_Lung_P1_10X_TGCGTGGGTTACCGAT	Aerocyte
L4_Lung_P1_10X_TGGACGCAGAGTACCG	Aerocyte
L4_Lung_P1_10X_TGGACGCAGGCGATAC	Aerocyte
L4_Lung_P1_10X_TGGCCAGTCATGTCTT	Aerocyte
L4_Lung_P1_10X_TGGCTGGAGCAAATCA	Aerocyte
L4_Lung_P1_10X_TGGTTAGGTATGAATG	Aerocyte
L4_Lung_P1_10X_TGGTTAGGTGGCTCCA	Aerocyte
L4_Lung_P1_10X_TGGTTAGGTTAAAGAC	Aerocyte
L4_Lung_P1_10X_TGGTTCCAGCGCTTAT	Aerocyte
L4_Lung_P1_10X_TGTATTCGTGTAAGTA	Aerocyte
L4_Lung_P1_10X_TGTCCCACAATCACAC	Aerocyte
L4_Lung_P1_10X_TGTGGTAAGGGTCTCC	Aerocyte
L4_Lung_P1_10X_TGTTCCGAGGTTCCTA	Aerocyte
L4_Lung_P1_10X_TGTTCCGGTAACGCGA	Aerocyte
L4_Lung_P1_10X_TTCCCAGCAAAGCGGT	Aerocyte
L4_Lung_P1_10X_TTCCCAGCACTGTCGG	Aerocyte
L4_Lung_P1_10X_TTCGAAGAGACCGGAT	Aerocyte
L4_Lung_P1_10X_TTCGAAGGTTGCCTCT	Aerocyte
L4_Lung_P1_10X_TTCGGTCAGTCACGCC	Aerocyte
L4_Lung_P1_10X_TTCGGTCGTCCCTTGT	Aerocyte
L4_Lung_P1_10X_TTCTCAATCTTTACGT	Aerocyte
L4_Lung_P1_10X_TTCTTAGCACCCAGTG	Aerocyte
L4_Lung_P1_10X_TTCTTAGCAGTCACTA	Aerocyte
L4_Lung_P1_10X_TTGACTTAGTGAAGAG	Aerocyte
L4_Lung_P1_10X_TTGCGTCAGAGACTAT	Aerocyte
L4_Lung_P1_10X_TTGGCAAAGGGTATCG	Aerocyte
L4_Lung_P1_10X_TTTCCTCGTCCGAATT	Aerocyte
L4_Lung_P1_10X_TTTGCGCAGGGCATGT	Aerocyte
L4_Lung_P1_10X_TTTGCGCGTAAACCTC	Aerocyte
L4_Lung_P1_10X_TTTGGTTGTCTCTCGT	Aerocyte
L4_Lung_P1_10X_TTTGTCAAGCCAACAG	Aerocyte
L4_Lung_P1_10X_TTTGTCATCCCACTTG	Aerocyte
L3_Lung_10X_AGCTCTCCACTTCGAA	DC I
L3_Lung_10X_CGGCTAGTCCGTAGTA	DC I
L2_Lung_10X_CATATTCCAGAAGCAC	DC I
L2_Lung_10X_CGTGTCTCATGCCCGA	DC I
L2_Lung_10X_GCACTCTAGCTGCCCA	DC I
L2_Lung_10X_GGGACCTAGCTGTTCA	DC I
E20_Lung_plate_4_S104	DC I
L1_Lung_10X_CGTAGCGAGCTAAACA	DC I
L1_Lung_10X_GCAGTTATCATCGCTC	DC II
L1_Lung_10X_GCTGCTTAGGCCGAAT	DC III
L1_Lung_10X_TTCCCAGAGAAACCTA	DC II
L4_Lung_P2_10X_AACCATGGTCAATGTC	DC III
L4_Lung_P2_10X_AACCGCGGTAACGACG	DC III
L4_Lung_P2_10X_AACTGGTCATGCCTTC	DC III
L4_Lung_P2_10X_AACTTTCCAAGAGGCT	DC III
L4_Lung_P2_10X_AAGGTTCTCAGTGCAT	DC II
L4_Lung_P2_10X_ACTTGTTGTGCCTTGG	DC II
L4_Lung_P2_10X_AGCGGTCTCTGCTTGC	DC III
L4_Lung_P2_10X_ATCCGAAGTACAGTTC	DC II
L4_Lung_P2_10X_ATCTGCCGTCATGCCG	DC III
L4_Lung_P2_10X_ATGTGTGTCAAGAAGT	DC III
L4_Lung_P2_10X_CATGACAAGGCCCTCA	DC III
L4_Lung_P2_10X_CTAATGGCACAGGAGT	DC III
L4_Lung_P2_10X_CTCATTATCGGCGCAT	DC III
L4_Lung_P2_10X_CTCGTCACATCAGTCA	DC III
L4_Lung_P2_10X_GACACGCCATTGGGCC	DC II
L4_Lung_P2_10X_GATCGCGAGCTCTCGG	DC II
L4_Lung_P2_10X_GCTCCTAAGTGTACGG	DC II
L4_Lung_P2_10X_GGCAATTAGGCTAGAC	DC III
L4_Lung_P2_10X_GGCAATTGTGAGTATA	DC III
L4_Lung_P2_10X_GTAGGCCCATCGACGC	DC III
L4_Lung_P2_10X_TACTCATGTACGACCC	DC I
L4_Lung_P2_10X_TAGACCACAAGACGTG	DC III
L4_Lung_P2_10X_TCACAAGCAGGTGCCT	DC III
L4_Lung_P2_10X_TCTCTAATCGAGGTAG	DC II
L4_Lung_P2_10X_TGGTTAGAGTATCTCG	DC III
L4_Lung_P3_10X_AAACCTGCATGCATGT	DC II
L4_Lung_P3_10X_AAACCTGCATGGTCTA	DC II
L4_Lung_P3_10X_AAAGTAGAGCTGCAAG	DC II
L4_Lung_P3_10X_AACTCAGTCAGTCAGT	DC II
L4_Lung_P3_10X_AAGGAGCTCGGCATCG	DC II
L4_Lung_P3_10X_AAGGCAGAGGCCCTTG	DC III
L4_Lung_P3_10X_AATCGGTGTCGGCACT	DC I
L4_Lung_P3_10X_ACACCAAAGGCTAGGT	DC II
L4_Lung_P3_10X_ACACCAAAGTTCGCGC	DC II
L4_Lung_P3_10X_ACACTGAGTCCGAACC	DC I
L4_Lung_P3_10X_ACAGCTAGTACTCTCC	DC II
L4_Lung_P3_10X_ACATACGTCACATACG	DC I
L4_Lung_P3_10X_ACATGGTTCTTCAACT	DC II
L4_Lung_P3_10X_ACGAGGAGTTGAACTC	DC II
L4_Lung_P3_10X_ACGATGTAGATCCCGC	DC II
L4_Lung_P3_10X_ACGCAGCAGGTGCAAC	DC III
L4_Lung_P3_10X_ACGCAGCCACACCGCA	DC II
L4_Lung_P3_10X_ACGCAGCGTGGTCCGT	DC I
L4_Lung_P3_10X_ACGCAGCGTTGATTGC	DC III
L4_Lung_P3_10X_ACGCCAGTCTCTTGAT	DC II
L4_Lung_P3_10X_ACGCCGAAGCCAGAAC	DC II
L4_Lung_P3_10X_ACGGGTCAGCAGATCG	DC II
L4_Lung_P3_10X_ACTATCTCAACTGCTA	DC II
L4_Lung_P3_10X_ACTATCTTCGGAAATA	DC I
L4_Lung_P3_10X_ACTGTCCAGCCACGTC	DC II
L4_Lung_P3_10X_ACTTTCATCGTACGGC	DC III
L4_Lung_P3_10X_AGACGTTGTCCCGACA	DC I
L4_Lung_P3_10X_AGATCTGCAATAGAGT	DC I
L4_Lung_P3_10X_AGCGGTCTCCTACAGA	DC II
L4_Lung_P3_10X_AGCTCCTGTTCCCGAG	DC I
L4_Lung_P3_10X_AGCTCCTTCTAAGCCA	DC II
L4_Lung_P3_10X_AGCTCTCCACATCCGG	DC II
L4_Lung_P3_10X_AGCTTGAGTACGCTGC	DC III
L4_Lung_P3_10X_AGGGATGTCGAATCCA	DC I
L4_Lung_P3_10X_ATAAGAGGTAATCACC	DC II
L4_Lung_P3_10X_ATCATCTAGATAGGAG	DC I
L4_Lung_P3_10X_ATCCACCGTCCATCCT	DC I
L4_Lung_P3_10X_ATGGGAGAGCTAGGCA	DC III
L4_Lung_P3_10X_ATGTGTGTCGTCCAGG	DC II
L4_Lung_P3_10X_ATTATCCTCACGAAGG	DC I
L4_Lung_P3_10X_ATTGGTGAGACTACAA	DC III
L4_Lung_P3_10X_ATTTCTGCACATCCAA	DC I
L4_Lung_P3_10X_CAACCAACACCGAAAG	DC II
L4_Lung_P3_10X_CAACCAAGTTTGGCGC	DC III
L4_Lung_P3_10X_CAACTAGGTTCGTGAT	DC II
L4_Lung_P3_10X_CACACAAGTGACGGTA	DC I
L4_Lung_P3_10X_CACCAGGCAAACTGCT	DC II
L4_Lung_P3_10X_CACCAGGCAGTTCATG	DC II
L4_Lung_P3_10X_CACTCCACACGTCTCT	DC I
L4_Lung_P3_10X_CAGCAGCCACCAGGTC	DC II
L4_Lung_P3_10X_CAGCATATCAGTCCCT	DC II
L4_Lung_P3_10X_CAGCATATCGCCAGCA	DC II
L4_Lung_P3_10X_CAGCATATCGTTACAG	DC II
L4_Lung_P3_10X_CAGCTAAGTATCTGCA	DC I
L4_Lung_P3_10X_CATCAGAGTGAGTGAC	DC II
L4_Lung_P3_10X_CATCCACTCGTTACGA	DC II
L4_Lung_P3_10X_CATCGGGCAAGCTGGA	DC II
L4_Lung_P3_10X_CATCGGGGTGCAGACA	DC I
L4_Lung_P3_10X_CATGGCGTCCAAAGTC	DC I
L4_Lung_P3_10X_CATTATCTCCGCGGTA	DC II
L4_Lung_P3_10X_CCAATCCGTCACCCAG	DC II
L4_Lung_P3_10X_CCAATCCTCTTGCATT	DC III
L4_Lung_P3_10X_CCACTACGTAAAGTCA	DC III
L4_Lung_P3_10X_CCAGCGAGTAGTAGTA	DC II
L4_Lung_P3_10X_CCATGTCCACATGGGA	DC II
L4_Lung_P3_10X_CCATGTCTCACAACGT	DC II
L4_Lung_P3_10X_CCATGTCTCGCGTAGC	DC III
L4_Lung_P3_10X_CCCAATCCACTACAGT	DC I
L4_Lung_P3_10X_CCCTCCTCAGATAATG	DC I
L4_Lung_P3_10X_CCCTCCTGTGGTCTCG	DC II
L4_Lung_P3_10X_CCCTCCTTCTCCCTGA	DC II
L4_Lung_P3_10X_CCGGTAGGTCCGAAGA	DC II
L4_Lung_P3_10X_CCGGTAGTCGTCTGAA	DC II
L4_Lung_P3_10X_CCTACCAAGCGGATCA	DC II
L4_Lung_P3_10X_CCTACCACATCACGTA	DC III
L4_Lung_P3_10X_CCTATTAAGCAACGGT	DC II
L4_Lung_P3_10X_CCTATTATCAAGGTAA	DC III
L4_Lung_P3_10X_CCTATTATCCTCGCAT	DC II
L4_Lung_P3_10X_CCTTCGAAGCTAGTCT	DC II
L4_Lung_P3_10X_CGAATGTCAATGGATA	DC I
L4_Lung_P3_10X_CGAATGTTCGCCTGAG	DC I
L4_Lung_P3_10X_CGACCTTGTAGCGCTC	DC II
L4_Lung_P3_10X_CGACCTTTCGTGTAGT	DC II
L4_Lung_P3_10X_CGAGAAGCAGCATGAG	DC III
L4_Lung_P3_10X_CGAGCACAGTCCGGTC	DC III
L4_Lung_P3_10X_CGAGCACCACCCATTC	DC I
L4_Lung_P3_10X_CGAGCACGTTTAAGCC	DC II
L4_Lung_P3_10X_CGAGCACTCGCGGATC	DC I
L4_Lung_P3_10X_CGAGCCAAGGATCGCA	DC I
L4_Lung_P3_10X_CGATCGGAGGAGCGAG	DC II
L4_Lung_P3_10X_CGATGTACATCGGTTA	DC II
L4_Lung_P3_10X_CGCCAAGAGAGTAATC	DC I
L4_Lung_P3_10X_CGCCAAGTCCAAACAC	DC I
L4_Lung_P3_10X_CGGACACGTCTTCAAG	DC II
L4_Lung_P3_10X_CGGACACTCAGTGCAT	DC II
L4_Lung_P3_10X_CGGACGTAGACAGGCT	DC II
L4_Lung_P3_10X_CGGGTCAAGTCGCCGT	DC II
L4_Lung_P3_10X_CGGGTCATCGCTTAGA	DC I
L4_Lung_P3_10X_CGGGTCATCGGCTACG	DC II
L4_Lung_P3_10X_CGGGTCATCGGTGTTA	DC III
L4_Lung_P3_10X_CGGTTAATCATTTGGG	DC II
L4_Lung_P3_10X_CGTAGGCGTGCTCTTC	DC II
L4_Lung_P3_10X_CGTAGGCGTTCCGGCA	DC I
L4_Lung_P3_10X_CGTCAGGAGCCAGGAT	DC I
L4_Lung_P3_10X_CGTGAGCCAAGTTGTC	DC II
L4_Lung_P3_10X_CGTGAGCTCTCGTTTA	DC III
L4_Lung_P3_10X_CGTGTAAGTGAGGGTT	DC I
L4_Lung_P3_10X_CTAACTTAGTATCTCG	DC I
L4_Lung_P3_10X_CTAATGGCATACAGCT	DC II
L4_Lung_P3_10X_CTAGCCTCATAGTAAG	DC II
L4_Lung_P3_10X_CTAGTGAGTCATCCCT	DC I
L4_Lung_P3_10X_CTCAGAAGTGACAAAT	DC II
L4_Lung_P3_10X_CTCATTACAGGTCGTC	DC III
L4_Lung_P3_10X_CTCGAAAAGGAATGGA	DC I
L4_Lung_P3_10X_CTCGAAAAGGTGGGTT	DC II
L4_Lung_P3_10X_CTCGGAGTCATGTCCC	DC I
L4_Lung_P3_10X_CTCGGAGTCTCCCTGA	DC II
L4_Lung_P3_10X_CTCGGGAAGCCCGAAA	DC II
L4_Lung_P3_10X_CTCGGGAGTAAGGATT	DC II
L4_Lung_P3_10X_CTCGTCATCAACTCTT	DC I
L4_Lung_P3_10X_CTGATAGGTGTTCTTT	DC I
L4_Lung_P3_10X_CTGCGGAAGGAATGGA	DC II
L4_Lung_P3_10X_CTTAACTGTATTCGTG	DC I
L4_Lung_P3_10X_CTTAACTGTGTAAGTA	DC II
L4_Lung_P3_10X_CTTGGCTGTAAGGATT	DC II
L4_Lung_P3_10X_CTTGGCTGTCGATTGT	DC II
L4_Lung_P3_10X_CTTTGCGCAATGGACG	DC I
L4_Lung_P3_10X_GAAATGAGTTATCGGT	DC II
L4_Lung_P3_10X_GAACCTAAGAGTACAT	DC II
L4_Lung_P3_10X_GAACGGACAGGCTGAA	DC I
L4_Lung_P3_10X_GACAGAGAGAGTTGGC	DC II
L4_Lung_P3_10X_GACCAATGTCACCCAG	DC II
L4_Lung_P3_10X_GACCTGGTCGAGGTAG	DC II
L4_Lung_P3_10X_GACGTTACATGGGACA	DC III
L4_Lung_P3_10X_GAGGTGACATTTCAGG	DC II
L4_Lung_P3_10X_GATCGATTCATTGCCC	DC I
L4_Lung_P3_10X_GATCGTACACATGGGA	DC III
L4_Lung_P3_10X_GATCTAGAGACAAGCC	DC I
L4_Lung_P3_10X_GCACATACAAGTTCTG	DC II
L4_Lung_P3_10X_GCAGTTACACAGGCCT	DC II
L4_Lung_P3_10X_GCGAGAATCATTGCCC	DC II
L4_Lung_P3_10X_GCGCAACGTTCAGACT	DC II
L4_Lung_P3_10X_GCGCAGTGTCCATCCT	DC I
L4_Lung_P3_10X_GCTCCTAAGCTGCCCA	DC II
L4_Lung_P3_10X_GCTGCAGCATGTAAGA	DC II
L4_Lung_P3_10X_GCTGCTTTCTGACCTC	DC I
L4_Lung_P3_10X_GCTTCCAGTCAATGTC	DC II
L4_Lung_P3_10X_GGAAAGCAGGCCGAAT	DC I
L4_Lung_P3_10X_GGAAAGCTCTTCGAGA	DC II
L4_Lung_P3_10X_GGACAGAAGACATAAC	DC I
L4_Lung_P3_10X_GGACGTCCACAACGTT	DC III
L4_Lung_P3_10X_GGAGCAACATCTATGG	DC I
L4_Lung_P3_10X_GGCTCGAAGGCCCTTG	DC III
L4_Lung_P3_10X_GGCTGGTCATCTGGTA	DC II
L4_Lung_P3_10X_GGGACCTAGGAACTGC	DC II
L4_Lung_P3_10X_GGGATGACAGCCTGTG	DC II
L4_Lung_P3_10X_GGGCACTCAAGCTGTT	DC III
L4_Lung_P3_10X_GGGCATCAGTGCGTGA	DC II
L4_Lung_P3_10X_GGTATTGTCTCTGTCG	DC II
L4_Lung_P3_10X_GGTGAAGCAGTGGGAT	DC II
L4_Lung_P3_10X_GGTGTTACACAGTCGC	DC III
L4_Lung_P3_10X_GTAACTGCAAGTTGTC	DC I
L4_Lung_P3_10X_GTACGTACACGAGAGT	DC II
L4_Lung_P3_10X_GTACGTAGTGTGAATA	DC I
L4_Lung_P3_10X_GTACTCCGTAAACCTC	DC II
L4_Lung_P3_10X_GTCTCGTAGGGTGTGT	DC I
L4_Lung_P3_10X_GTCTCGTGTACTTGAC	DC I
L4_Lung_P3_10X_GTGAAGGAGACAGACC	DC II
L4_Lung_P3_10X_GTGCAGCTCCGAAGAG	DC III
L4_Lung_P3_10X_GTGGGTCCATGGGAAC	DC I
L4_Lung_P3_10X_GTGGGTCGTCTAAACC	DC II
L4_Lung_P3_10X_GTTCGGGTCTATCCTA	DC I
L4_Lung_P3_10X_GTTCTCGTCGGAGCAA	DC I
L4_Lung_P3_10X_GTTTCTACAGGCAGTA	DC II
L4_Lung_P3_10X_GTTTCTAGTACCTACA	DC II
L4_Lung_P3_10X_TAAGTGCCACCACGTG	DC I
L4_Lung_P3_10X_TACACGATCAGGATCT	DC II
L4_Lung_P3_10X_TACAGTGGTGTAACGG	DC I
L4_Lung_P3_10X_TACGGGCCAGTTTACG	DC II
L4_Lung_P3_10X_TACGGGCCATGACGGA	DC II
L4_Lung_P3_10X_TACTCATAGGCATGTG	DC I
L4_Lung_P3_10X_TACTCATTCAGGATCT	DC II
L4_Lung_P3_10X_TACTTACCACCTGGTG	DC I
L4_Lung_P3_10X_TACTTACCACTTAACG	DC II
L4_Lung_P3_10X_TACTTGTCAAGCCGCT	DC II
L4_Lung_P3_10X_TAGACCAGTTAGTGGG	DC III
L4_Lung_P3_10X_TAGAGCTGTACGAAAT	DC I
L4_Lung_P3_10X_TAGTGGTTCCAGAAGG	DC II
L4_Lung_P3_10X_TAGTTGGAGGATATAC	DC I
L4_Lung_P3_10X_TAGTTGGCACCAGGTC	DC I
L4_Lung_P3_10X_TAGTTGGCATATACCG	DC II
L4_Lung_P3_10X_TAGTTGGTCAGCCTAA	DC III
L4_Lung_P3_10X_TAGTTGGTCGCCGTGA	DC I
L4_Lung_P3_10X_TATCTCATCGCGGATC	DC II
L4_Lung_P3_10X_TCACGAAAGGCATGTG	DC III
L4_Lung_P3_10X_TCAGGTAGTTTAAGCC	DC I
L4_Lung_P3_10X_TCGAGGCAGATGCCTT	DC II
L4_Lung_P3_10X_TCGAGGCGTTCCACTC	DC I
L4_Lung_P3_10X_TCGCGAGAGTAGATGT	DC I
L4_Lung_P3_10X_TCGGTAAGTTCTGGTA	DC II
L4_Lung_P3_10X_TCTGAGACAGTCCTTC	DC II
L4_Lung_P3_10X_TGAAAGAAGGCAGGTT	DC II
L4_Lung_P3_10X_TGAAAGAGTAGGGTAC	DC I
L4_Lung_P3_10X_TGACAACTCAGTCCCT	DC I
L4_Lung_P3_10X_TGACTTTTCAGCGACC	DC III
L4_Lung_P3_10X_TGCGGGTAGAATGTTG	DC III
L4_Lung_P3_10X_TGCGGGTAGCAAATCA	DC I
L4_Lung_P3_10X_TGCGTGGCAAACGTGG	DC I
L4_Lung_P3_10X_TGGACGCTCTTGACGA	DC I
L4_Lung_P3_10X_TGGCCAGAGGGTCGAT	DC II
L4_Lung_P3_10X_TGGCGCAAGCTAAGAT	DC I
L4_Lung_P3_10X_TGGCGCAGTCCAACTA	DC I
L4_Lung_P3_10X_TGGCGCAGTGAGGCTA	DC I
L4_Lung_P3_10X_TGGCTGGTCATCTGCC	DC I
L4_Lung_P3_10X_TGGGAAGTCATGTCTT	DC III
L4_Lung_P3_10X_TGGGCGTAGGCCCGTT	DC II
L4_Lung_P3_10X_TTAGTTCAGCGCCTTG	DC I
L4_Lung_P3_10X_TTATGCTGTGCCTGGT	DC II
L4_Lung_P3_10X_TTCGAAGCATTACCTT	DC II
L4_Lung_P3_10X_TTCTACATCCAAATGC	DC III
L4_Lung_P3_10X_TTCTCAAAGCAATATG	DC II
L4_Lung_P3_10X_TTGCCGTTCGGTCCGA	DC I
L4_Lung_P3_10X_TTGGCAATCACAACGT	DC III
L4_Lung_P3_10X_TTGTAGGAGAGAGCTC	DC II
L4_Lung_P3_10X_TTTACTGGTAACGCGA	DC III
L4_Lung_P3_10X_TTTCCTCCAGCCTTTC	DC II
L4_Lung_P3_10X_TTTGCGCTCTCTAGGA	DC II
L4_Lung_P3_10X_TTTGGTTAGCTCCCAG	DC III
L4_Lung_P3_10X_TTTGGTTCAGCATACT	DC II
L4_Lung_P1_10X_AAACCTGCACCACCAG	DC II
L4_Lung_P1_10X_AAAGTAGCAAGCCCAC	DC I
L4_Lung_P1_10X_AAAGTAGTCACCTCGT	DC II
L4_Lung_P1_10X_AACTCAGTCAGATAAG	DC II
L4_Lung_P1_10X_AAGACCTTCGTACGGC	DC I
L4_Lung_P1_10X_AAGGTTCGTAGGCTGA	DC II
L4_Lung_P1_10X_ACATACGTCTTTACGT	DC II
L4_Lung_P1_10X_ACCGTAAAGACAGACC	DC II
L4_Lung_P1_10X_ACCTTTAGTTCTCATT	DC I
L4_Lung_P1_10X_ACGAGGACACCATCCT	DC II
L4_Lung_P1_10X_ACGCCGAGTTCCACAA	DC I
L4_Lung_P1_10X_ACGGCCAGTTCGCTAA	DC II
L4_Lung_P1_10X_ACTATCTCACGAGAGT	DC I
L4_Lung_P1_10X_ACTGAACCACTTACGA	DC II
L4_Lung_P1_10X_ACTGAGTCAGCCACCA	DC III
L4_Lung_P1_10X_ACTGCTCCAGGCTCAC	DC III
L4_Lung_P1_10X_ACTTACTAGGATGGTC	DC II
L4_Lung_P1_10X_AGAATAGCAAGTTAAG	DC II
L4_Lung_P1_10X_AGATTGCCATTGGTAC	DC III
L4_Lung_P1_10X_AGATTGCTCCTTGCCA	DC I
L4_Lung_P1_10X_AGCCTAACACAGGAGT	DC II
L4_Lung_P1_10X_AGCCTAATCGCCAAAT	DC III
L4_Lung_P1_10X_AGCTCCTTCACAGTAC	DC II
L4_Lung_P1_10X_AGCTCTCAGCCCAATT	DC II
L4_Lung_P1_10X_AGTTGGTAGCGGCTTC	DC III
L4_Lung_P1_10X_ATCACGAAGGAGTTGC	DC II
L4_Lung_P1_10X_ATCATGGCACCGTTGG	DC I
L4_Lung_P1_10X_ATGGGAGTCCGAATGT	DC II
L4_Lung_P1_10X_ATGTGTGGTCGCCATG	DC I
L4_Lung_P1_10X_ATTACTCCATTAACCG	DC II
L4_Lung_P1_10X_CAAGTTGCAACACCTA	DC I
L4_Lung_P1_10X_CACAAACGTACCAGTT	DC I
L4_Lung_P1_10X_CACCACTTCAGCTCTC	DC III
L4_Lung_P1_10X_CAGATCAAGCGTTCCG	DC III
L4_Lung_P1_10X_CAGCAGCGTCAACATC	DC I
L4_Lung_P1_10X_CAGCCGACATACGCTA	DC II
L4_Lung_P1_10X_CATCAAGTCGTCACGG	DC I
L4_Lung_P1_10X_CATCAGACATCCCATC	DC I
L4_Lung_P1_10X_CATCGGGCACCACGTG	DC II
L4_Lung_P1_10X_CATGCCTAGGCAAAGA	DC II
L4_Lung_P1_10X_CATTATCAGGGTGTGT	DC II
L4_Lung_P1_10X_CCACCTACACACCGAC	DC II
L4_Lung_P1_10X_CCAGCGAAGAGACTAT	DC II
L4_Lung_P1_10X_CCTATTAAGAGGTTAT	DC I
L4_Lung_P1_10X_CGAGCACGTTCCACGG	DC II
L4_Lung_P1_10X_CGGAGTCGTGTGCGTC	DC II
L4_Lung_P1_10X_CGGCTAGGTGTGCGTC	DC II
L4_Lung_P1_10X_CGGGTCAAGGCAAAGA	DC II
L4_Lung_P1_10X_CGTAGCGCACGCTTTC	DC I
L4_Lung_P1_10X_CGTAGCGTCGTAGGTT	DC III
L4_Lung_P1_10X_CGTCTACAGAGCCCAA	DC II
L4_Lung_P1_10X_CGTTCTGAGCGTGAGT	DC I
L4_Lung_P1_10X_CGTTGGGTCGTTACAG	DC I
L4_Lung_P1_10X_CTAACTTAGAAGGCCT	DC II
L4_Lung_P1_10X_CTAAGACCATTACGAC	DC II
L4_Lung_P1_10X_CTACACCTCAGATAAG	DC II
L4_Lung_P1_10X_CTACCCACACAGACTT	DC III
L4_Lung_P1_10X_CTACCCAGTCGAATCT	DC III
L4_Lung_P1_10X_CTACGTCAGGCTACGA	DC II
L4_Lung_P1_10X_CTAGTGACAACCGCCA	DC III
L4_Lung_P1_10X_CTCAGAATCGATAGAA	DC II
L4_Lung_P1_10X_CTCCTAGGTGCAGACA	DC II
L4_Lung_P1_10X_CTCGGGACACTGTTAG	DC III
L4_Lung_P1_10X_CTGATCCTCCAAGTAC	DC I
L4_Lung_P1_10X_CTGCGGAGTCGCATAT	DC I
L4_Lung_P1_10X_CTGGTCTAGACACTAA	DC I
L4_Lung_P1_10X_CTTTGCGAGGGAAACA	DC III
L4_Lung_P1_10X_GAACATCAGACGACGT	DC III
L4_Lung_P1_10X_GAACCTATCTTGAGGT	DC I
L4_Lung_P1_10X_GAACGGACACCCAGTG	DC III
L4_Lung_P1_10X_GAAGCAGGTCTAGCGC	DC II
L4_Lung_P1_10X_GACCTGGCATCCTAGA	DC I
L4_Lung_P1_10X_GACGTGCCACACCGCA	DC II
L4_Lung_P1_10X_GAGTCCGCAAGCTGGA	DC II
L4_Lung_P1_10X_GAGTCCGGTCTTCTCG	DC I
L4_Lung_P1_10X_GCCAAATTCCAGTAGT	DC II
L4_Lung_P1_10X_GCGGGTTCAAATTGCC	DC I
L4_Lung_P1_10X_GCGGGTTCACCAGGTC	DC III
L4_Lung_P1_10X_GCTGGGTTCGCTTAGA	DC III
L4_Lung_P1_10X_GGACATTTCGATGAGG	DC I
L4_Lung_P1_10X_GGCAATTTCCGTCATC	DC II
L4_Lung_P1_10X_GGCTGGTAGCTGAACG	DC II
L4_Lung_P1_10X_GGGTTGCTCCGCATAA	DC I
L4_Lung_P1_10X_GGTGAAGAGTAGGCCA	DC I
L4_Lung_P1_10X_GGTGTTAAGGGTATCG	DC I
L4_Lung_P1_10X_GTAACTGGTTGCGCAC	DC II
L4_Lung_P1_10X_GTACTCCGTATAATGG	DC II
L4_Lung_P1_10X_GTACTTTAGCTAGTCT	DC I
L4_Lung_P1_10X_GTAGTCAGTTTAAGCC	DC II
L4_Lung_P1_10X_GTATTCTGTCCATGAT	DC II
L4_Lung_P1_10X_GTCAAGTTCCAAGCCG	DC II
L4_Lung_P1_10X_GTCGGGTTCGGATGTT	DC II
L4_Lung_P1_10X_GTGAAGGCACATTCGA	DC III
L4_Lung_P1_10X_GTGAAGGTCTCGCTTG	DC III
L4_Lung_P1_10X_GTGCAGCGTACACCGC	DC I
L4_Lung_P1_10X_GTGGGTCCATGGTCTA	DC I
L4_Lung_P1_10X_GTTCGGGAGAGGTAGA	DC II
L4_Lung_P1_10X_GTTTCTAGTTGGTGGA	DC I
L4_Lung_P1_10X_TAAGTGCTCCAGATCA	DC III
L4_Lung_P1_10X_TACGGTAAGCCCGAAA	DC II
L4_Lung_P1_10X_TACTTACCACCCAGTG	DC I
L4_Lung_P1_10X_TACTTGTAGACGCACA	DC I
L4_Lung_P1_10X_TAGCCGGTCGTAGGTT	DC I
L4_Lung_P1_10X_TCAGGATAGTGGGCTA	DC I
L4_Lung_P1_10X_TCATTTGAGCTCCTCT	DC III
L4_Lung_P1_10X_TCCCGATGTCACACGC	DC I
L4_Lung_P1_10X_TCGGTAACATTCACTT	DC I
L4_Lung_P1_10X_TCGTACCCATACGCTA	DC II
L4_Lung_P1_10X_TCTATTGTCGTTACAG	DC I
L4_Lung_P1_10X_TCTGAGAGTTACGGAG	DC II
L4_Lung_P1_10X_TCTGGAAAGATCTGCT	DC II
L4_Lung_P1_10X_TCTTTCCAGATCTGCT	DC II
L4_Lung_P1_10X_TCTTTCCGTAACGTTC	DC II
L4_Lung_P1_10X_TGAGAGGTCACGAAGG	DC I
L4_Lung_P1_10X_TGAGGGACAGCTTAAC	DC II
L4_Lung_P1_10X_TGCACCTTCACCCGAG	DC I
L4_Lung_P1_10X_TGCTACCCAACACGCC	DC II
L4_Lung_P1_10X_TGCTACCCACCTATCC	DC I
L4_Lung_P1_10X_TGGACGCGTTAAGATG	DC II
L4_Lung_P1_10X_TGGCGCAAGCAGGTCA	DC I
L4_Lung_P1_10X_TGGCTGGCACATCTTT	DC I
L4_Lung_P1_10X_TGGGCGTGTTAGGGTG	DC II
L4_Lung_P1_10X_TGGGCGTTCGTGGGAA	DC II
L4_Lung_P1_10X_TGGTTCCCATTGGGCC	DC II
L4_Lung_P1_10X_TGTCCCATCGGTTAAC	DC II
L4_Lung_P1_10X_TGTGGTAAGTCAATAG	DC II
L4_Lung_P1_10X_TGTGTTTGTACCGGCT	DC I
L4_Lung_P1_10X_TTAGGACGTACAGTTC	DC I
L4_Lung_P1_10X_TTAGGCAGTGACTACT	DC III
L4_Lung_P1_10X_TTCGAAGGTGAGGGAG	DC I
L4_Lung_P1_10X_TTGACTTAGGCATGGT	DC I
